INFO::2026-02-04T10:46:02.144Z: Prisma Info: Starting a postgresql pool with 5 connections. | {"action":"prisma_info"}
INFO::2026-02-04T10:46:02.646Z: Database connection established successfully | {"action":"server_startup"}
INFO::2026-02-04T10:46:02.673Z: Log cleanup job initialized | {"action":"server_startup"}
INFO::2026-02-04T10:46:02.681Z: Server running in development mode | {"action":"server_startup","meta":{"port":4003,"environment":"development"}}
INFO::2026-02-04T10:46:02.681Z: 🚀 Server ready at http://localhost:4003/api/v1 | {}
INFO::2026-02-04T10:46:02.682Z: 📚 API Documentation available at http://localhost:4003/api-docs | {}
INFO::2026-02-04T10:47:43.611Z: Prisma Info: Starting a postgresql pool with 5 connections. | {"action":"prisma_info"}
INFO::2026-02-04T10:47:43.718Z: Database connection established successfully | {"action":"server_startup"}
INFO::2026-02-04T10:47:43.759Z: Log cleanup job initialized | {"action":"server_startup"}
INFO::2026-02-04T10:47:43.768Z: Server running in development mode | {"action":"server_startup","meta":{"port":4003,"environment":"development"}}
INFO::2026-02-04T10:47:43.769Z: 🚀 Server ready at http://localhost:4003/api/v1 | {}
INFO::2026-02-04T10:47:43.771Z: 📚 API Documentation available at http://localhost:4003/api-docs | {}
INFO::2026-02-04T10:51:19.101Z: SIGINT received. Starting graceful shutdown... | {"action":"graceful_shutdown"}
INFO::2026-02-04T10:51:19.111Z: HTTP server closed | {"action":"graceful_shutdown"}
INFO::2026-02-04T10:51:19.128Z: Database connection closed | {"action":"graceful_shutdown"}
INFO::2026-02-04T10:54:26.118Z: Prisma Info: Starting a postgresql pool with 5 connections. | {"action":"prisma_info"}
INFO::2026-02-04T10:54:26.316Z: Database connection established successfully | {"action":"server_startup"}
INFO::2026-02-04T10:54:26.350Z: Log cleanup job initialized | {"action":"server_startup"}
INFO::2026-02-04T10:54:26.378Z: Server running in development mode | {"action":"server_startup","meta":{"port":4003,"environment":"development"}}
INFO::2026-02-04T10:54:26.378Z: 🚀 Server ready at http://localhost:4003/api/v1 | {}
INFO::2026-02-04T10:54:26.379Z: 📚 API Documentation available at http://localhost:4003/api-docs | {}
INFO::2026-02-04T10:55:00.348Z: SIGTERM received. Starting graceful shutdown... | {"action":"graceful_shutdown"}
INFO::2026-02-04T10:55:00.352Z: HTTP server closed | {"action":"graceful_shutdown"}
INFO::2026-02-04T10:55:00.365Z: Database connection closed | {"action":"graceful_shutdown"}
INFO::2026-02-04T10:55:04.633Z: Prisma Info: Starting a postgresql pool with 5 connections. | {"action":"prisma_info"}
INFO::2026-02-04T10:55:04.675Z: Database connection established successfully | {"action":"server_startup"}
INFO::2026-02-04T10:55:04.702Z: Log cleanup job initialized | {"action":"server_startup"}
INFO::2026-02-04T10:55:04.714Z: Server running in development mode | {"action":"server_startup","meta":{"port":4003,"environment":"development"}}
INFO::2026-02-04T10:55:04.715Z: 🚀 Server ready at http://localhost:4003/api/v1 | {}
INFO::2026-02-04T10:55:04.716Z: 📚 API Documentation available at http://localhost:4003/api-docs | {}
INFO::2026-02-04T10:55:08.922Z: SIGTERM received. Starting graceful shutdown... | {"action":"graceful_shutdown"}
INFO::2026-02-04T10:55:08.925Z: HTTP server closed | {"action":"graceful_shutdown"}
INFO::2026-02-04T10:55:08.934Z: Database connection closed | {"action":"graceful_shutdown"}
INFO::2026-02-04T10:55:11.879Z: Prisma Info: Starting a postgresql pool with 5 connections. | {"action":"prisma_info"}
INFO::2026-02-04T10:55:11.939Z: Database connection established successfully | {"action":"server_startup"}
INFO::2026-02-04T10:55:11.963Z: Log cleanup job initialized | {"action":"server_startup"}
INFO::2026-02-04T10:55:11.974Z: Server running in development mode | {"action":"server_startup","meta":{"port":4003,"environment":"development"}}
INFO::2026-02-04T10:55:11.975Z: 🚀 Server ready at http://localhost:4003/api/v1 | {}
INFO::2026-02-04T10:55:11.976Z: 📚 API Documentation available at http://localhost:4003/api-docs | {}
INFO::2026-02-04T11:01:26.445Z: Prisma Info: Starting a postgresql pool with 5 connections. | {"action":"prisma_info"}
INFO::2026-02-04T11:01:27.031Z: Database connection established successfully | {"action":"server_startup"}
INFO::2026-02-04T11:01:27.092Z: Log cleanup job initialized | {"action":"server_startup"}
INFO::2026-02-04T11:01:27.104Z: Server running in development mode | {"action":"server_startup","meta":{"port":4003,"environment":"development"}}
INFO::2026-02-04T11:01:27.105Z: 🚀 Server ready at http://localhost:4003/api/v1 | {}
INFO::2026-02-04T11:01:27.107Z: 📚 API Documentation available at http://localhost:4003/api-docs | {}
INFO::2026-02-04T11:04:26.598Z: Prisma Info: Starting a postgresql pool with 5 connections. | {"action":"prisma_info"}
INFO::2026-02-04T11:04:26.929Z: Database connection established successfully | {"action":"server_startup"}
INFO::2026-02-04T11:04:26.984Z: Log cleanup job initialized | {"action":"server_startup"}
INFO::2026-02-04T11:04:26.995Z: Server running in development mode | {"action":"server_startup","meta":{"port":4003,"environment":"development"}}
INFO::2026-02-04T11:04:26.997Z: 🚀 Server ready at http://localhost:4003/api/v1 | {}
INFO::2026-02-04T11:04:26.998Z: 📚 API Documentation available at http://localhost:4003/api-docs | {}
ERROR::2026-02-04T11:08:44.676Z: A database error occurred | {}
WARN::2026-02-04T11:11:30.876Z: Failed to generate avatar: Failed to generate avatar | {}
INFO::2026-02-04T11:11:31.017Z: User registered: dushimec515@gmail.com | {}
INFO::2026-02-04T11:11:31.020Z: User registered successfully | {"action":"created"}
INFO::2026-02-04T11:11:54.894Z: User logged in: dushimec515@gmail.com | {}
INFO::2026-02-04T11:11:54.895Z: Login successful | {}
INFO::2026-02-04T11:14:37.284Z: SIGTERM received. Starting graceful shutdown... | {"action":"graceful_shutdown"}
INFO::2026-02-04T11:14:37.293Z: HTTP server closed | {"action":"graceful_shutdown"}
INFO::2026-02-04T11:14:37.483Z: Database connection closed | {"action":"graceful_shutdown"}
INFO::2026-02-04T11:14:51.873Z: Prisma Info: Starting a postgresql pool with 5 connections. | {"action":"prisma_info"}
INFO::2026-02-04T11:14:52.023Z: Database connection established successfully | {"action":"server_startup"}
INFO::2026-02-04T11:14:52.091Z: Log cleanup job initialized | {"action":"server_startup"}
INFO::2026-02-04T11:14:52.132Z: Server running in development mode | {"action":"server_startup","meta":{"port":4003,"environment":"development"}}
INFO::2026-02-04T11:14:52.133Z: 🚀 Server ready at http://localhost:4003/api/v1 | {}
INFO::2026-02-04T11:14:52.139Z: 📚 API Documentation available at http://localhost:4003/api-docs | {}
INFO::2026-02-04T11:16:43.517Z: Prisma Info: Starting a postgresql pool with 5 connections. | {"action":"prisma_info"}
INFO::2026-02-04T11:16:43.625Z: Database connection established successfully | {"action":"server_startup"}
INFO::2026-02-04T11:16:43.655Z: Log cleanup job initialized | {"action":"server_startup"}
INFO::2026-02-04T11:16:43.663Z: Server running in development mode | {"action":"server_startup","meta":{"port":4003,"environment":"development"}}
INFO::2026-02-04T11:16:43.665Z: 🚀 Server ready at http://localhost:4003/api/v1 | {}
INFO::2026-02-04T11:16:43.666Z: 📚 API Documentation available at http://localhost:4003/api-docs | {}
INFO::2026-02-04T11:20:31.307Z: SIGTERM received. Starting graceful shutdown... | {"action":"graceful_shutdown"}
INFO::2026-02-04T11:21:42.009Z: Prisma Info: Starting a postgresql pool with 5 connections. | {"action":"prisma_info"}
INFO::2026-02-04T11:21:42.627Z: Database connection established successfully | {"action":"server_startup"}
INFO::2026-02-04T11:21:42.663Z: Log cleanup job initialized | {"action":"server_startup"}
INFO::2026-02-04T11:21:42.672Z: Server running in development mode | {"action":"server_startup","meta":{"port":4003,"environment":"development"}}
INFO::2026-02-04T11:21:42.674Z: 🚀 Server ready at http://localhost:4003/api/v1 | {}
INFO::2026-02-04T11:21:42.675Z: 📚 API Documentation available at http://localhost:4003/api-docs | {}
ERROR::2026-02-04T11:22:24.376Z: Error: User with this email or phone already exists | {"action":"error_handler"}
ERROR::2026-02-04T11:22:24.379Z: User with this email or phone already exists | {}
INFO::2026-02-04T11:23:21.508Z: User logged in: dushimec515@gmail.com | {}
INFO::2026-02-04T11:23:21.509Z: Login successful | {}
INFO::2026-02-04T11:24:11.798Z: Google auth URL | {}
INFO::2026-02-04T11:31:38.396Z: SIGTERM received. Starting graceful shutdown... | {"action":"graceful_shutdown"}
INFO::2026-02-04T11:32:00.395Z: Prisma Info: Starting a postgresql pool with 5 connections. | {"action":"prisma_info"}
INFO::2026-02-04T11:32:01.145Z: Database connection established successfully | {"action":"server_startup"}
INFO::2026-02-04T11:32:01.207Z: Log cleanup job initialized | {"action":"server_startup"}
INFO::2026-02-04T11:32:01.242Z: Server running in development mode | {"action":"server_startup","meta":{"port":4003,"environment":"development"}}
INFO::2026-02-04T11:32:01.242Z: 🚀 Server ready at http://localhost:4003/api/v1 | {}
INFO::2026-02-04T11:32:01.243Z: 📚 API Documentation available at http://localhost:4003/api-docs | {}
INFO::2026-02-04T11:33:21.142Z: SIGTERM received. Starting graceful shutdown... | {"action":"graceful_shutdown"}
INFO::2026-02-04T11:33:21.160Z: HTTP server closed | {"action":"graceful_shutdown"}
INFO::2026-02-04T11:33:21.900Z: Database connection closed | {"action":"graceful_shutdown"}
INFO::2026-02-04T11:33:36.735Z: Prisma Info: Starting a postgresql pool with 5 connections. | {"action":"prisma_info"}
INFO::2026-02-04T11:33:37.106Z: Database connection established successfully | {"action":"server_startup"}
INFO::2026-02-04T11:33:37.339Z: Log cleanup job initialized | {"action":"server_startup"}
INFO::2026-02-04T11:33:37.352Z: Server running in development mode | {"action":"server_startup","meta":{"port":4003,"environment":"development"}}
INFO::2026-02-04T11:33:37.355Z: 🚀 Server ready at http://localhost:4003/api/v1 | {}
INFO::2026-02-04T11:33:37.358Z: 📚 API Documentation available at http://localhost:4003/api-docs | {}
INFO::2026-02-04T11:33:38.916Z: SIGTERM received. Starting graceful shutdown... | {"action":"graceful_shutdown"}
INFO::2026-02-04T11:33:38.932Z: HTTP server closed | {"action":"graceful_shutdown"}
INFO::2026-02-04T11:33:38.974Z: Database connection closed | {"action":"graceful_shutdown"}
INFO::2026-02-04T11:33:49.635Z: Prisma Info: Starting a postgresql pool with 5 connections. | {"action":"prisma_info"}
INFO::2026-02-04T11:33:49.757Z: Database connection established successfully | {"action":"server_startup"}
INFO::2026-02-04T11:33:49.786Z: Log cleanup job initialized | {"action":"server_startup"}
INFO::2026-02-04T11:33:49.803Z: Server running in development mode | {"action":"server_startup","meta":{"port":4003,"environment":"development"}}
INFO::2026-02-04T11:33:49.806Z: 🚀 Server ready at http://localhost:4003/api/v1 | {}
INFO::2026-02-04T11:33:49.808Z: 📚 API Documentation available at http://localhost:4003/api-docs | {}
INFO::2026-02-04T11:33:56.348Z: SIGTERM received. Starting graceful shutdown... | {"action":"graceful_shutdown"}
INFO::2026-02-04T11:33:56.370Z: HTTP server closed | {"action":"graceful_shutdown"}
INFO::2026-02-04T11:33:56.405Z: Database connection closed | {"action":"graceful_shutdown"}
INFO::2026-02-04T11:34:02.774Z: Prisma Info: Starting a postgresql pool with 5 connections. | {"action":"prisma_info"}
INFO::2026-02-04T11:34:02.848Z: Database connection established successfully | {"action":"server_startup"}
INFO::2026-02-04T11:34:02.877Z: Log cleanup job initialized | {"action":"server_startup"}
INFO::2026-02-04T11:34:02.886Z: Server running in development mode | {"action":"server_startup","meta":{"port":4003,"environment":"development"}}
INFO::2026-02-04T11:34:02.886Z: 🚀 Server ready at http://localhost:4003/api/v1 | {}
INFO::2026-02-04T11:34:02.887Z: 📚 API Documentation available at http://localhost:4003/api-docs | {}
INFO::2026-02-04T12:36:26.110Z: Prisma Info: Starting a postgresql pool with 5 connections. | {"action":"prisma_info"}
INFO::2026-02-04T12:36:26.426Z: Database connection established successfully | {"action":"server_startup"}
INFO::2026-02-04T12:36:26.458Z: Log cleanup job initialized | {"action":"server_startup"}
INFO::2026-02-04T12:36:26.471Z: Server running in development mode | {"action":"server_startup","meta":{"port":4003,"environment":"development"}}
INFO::2026-02-04T12:36:26.472Z: 🚀 Server ready at http://localhost:4003/api/v1 | {}
INFO::2026-02-04T12:36:26.473Z: 📚 API Documentation available at http://localhost:4003/api-docs | {}
ERROR::2026-02-04T12:38:08.321Z: Failed to upload file to R2 Credential access key has length 64, should be 32 | {}
WARN::2026-02-04T12:38:08.343Z: Failed to generate avatar: Failed to generate avatar | {}
INFO::2026-02-04T12:38:08.350Z: User registered: dushime515@gmail.com | {}
INFO::2026-02-04T12:38:08.351Z: User registered successfully | {"action":"created"}
INFO::2026-02-09T12:12:49.019Z: Prisma Info: Starting a postgresql pool with 5 connections. | {"action":"prisma_info"}
INFO::2026-02-09T12:12:49.702Z: Database connection established successfully | {"action":"server_startup"}
INFO::2026-02-09T12:12:49.763Z: Log cleanup job initialized | {"action":"server_startup"}
INFO::2026-02-09T12:12:49.778Z: Server running in development mode | {"action":"server_startup","meta":{"port":4003,"environment":"development"}}
INFO::2026-02-09T12:12:49.779Z: 🚀 Server ready at http://localhost:4003/api/v1 | {}
INFO::2026-02-09T12:12:49.780Z: 📚 API Documentation available at http://localhost:4003/api-docs | {}
INFO::2026-02-09T12:22:35.037Z: SIGTERM received. Starting graceful shutdown... | {"action":"graceful_shutdown"}
INFO::2026-02-09T12:22:44.619Z: Prisma Info: Starting a postgresql pool with 5 connections. | {"action":"prisma_info"}
INFO::2026-02-09T12:22:44.745Z: Database connection established successfully | {"action":"server_startup"}
INFO::2026-02-09T12:22:44.815Z: Log cleanup job initialized | {"action":"server_startup"}
INFO::2026-02-09T12:22:44.822Z: Server running in development mode | {"action":"server_startup","meta":{"port":4003,"environment":"development"}}
INFO::2026-02-09T12:22:44.823Z: 🚀 Server ready at http://localhost:4003/api/v1 | {}
INFO::2026-02-09T12:22:44.823Z: 📚 API Documentation available at http://localhost:4003/api-docs | {}
INFO::2026-02-09T12:22:45.476Z: SIGTERM received. Starting graceful shutdown... | {"action":"graceful_shutdown"}
INFO::2026-02-09T12:22:45.485Z: HTTP server closed | {"action":"graceful_shutdown"}
INFO::2026-02-09T12:22:45.497Z: Database connection closed | {"action":"graceful_shutdown"}
INFO::2026-02-09T12:22:48.919Z: Prisma Info: Starting a postgresql pool with 5 connections. | {"action":"prisma_info"}
INFO::2026-02-09T12:22:49.028Z: Database connection established successfully | {"action":"server_startup"}
INFO::2026-02-09T12:22:49.064Z: Log cleanup job initialized | {"action":"server_startup"}
INFO::2026-02-09T12:22:49.079Z: Server running in development mode | {"action":"server_startup","meta":{"port":4003,"environment":"development"}}
INFO::2026-02-09T12:22:49.082Z: 🚀 Server ready at http://localhost:4003/api/v1 | {}
INFO::2026-02-09T12:22:49.087Z: 📚 API Documentation available at http://localhost:4003/api-docs | {}
INFO::2026-02-09T12:23:06.720Z: SIGTERM received. Starting graceful shutdown... | {"action":"graceful_shutdown"}
INFO::2026-02-09T12:23:06.723Z: HTTP server closed | {"action":"graceful_shutdown"}
INFO::2026-02-09T12:23:06.731Z: Database connection closed | {"action":"graceful_shutdown"}
INFO::2026-02-09T12:23:09.568Z: Prisma Info: Starting a postgresql pool with 5 connections. | {"action":"prisma_info"}
INFO::2026-02-09T12:23:09.619Z: Database connection established successfully | {"action":"server_startup"}
INFO::2026-02-09T12:23:09.642Z: Log cleanup job initialized | {"action":"server_startup"}
INFO::2026-02-09T12:23:09.649Z: Server running in development mode | {"action":"server_startup","meta":{"port":4003,"environment":"development"}}
INFO::2026-02-09T12:23:09.649Z: 🚀 Server ready at http://localhost:4003/api/v1 | {}
INFO::2026-02-09T12:23:09.650Z: 📚 API Documentation available at http://localhost:4003/api-docs | {}
INFO::2026-02-09T12:23:28.625Z: SIGTERM received. Starting graceful shutdown... | {"action":"graceful_shutdown"}
INFO::2026-02-09T12:23:28.631Z: HTTP server closed | {"action":"graceful_shutdown"}
INFO::2026-02-09T12:23:28.641Z: Database connection closed | {"action":"graceful_shutdown"}
INFO::2026-02-09T12:23:32.024Z: Prisma Info: Starting a postgresql pool with 5 connections. | {"action":"prisma_info"}
INFO::2026-02-09T12:23:32.064Z: Database connection established successfully | {"action":"server_startup"}
INFO::2026-02-09T12:23:32.087Z: Log cleanup job initialized | {"action":"server_startup"}
INFO::2026-02-09T12:23:32.095Z: Server running in development mode | {"action":"server_startup","meta":{"port":4003,"environment":"development"}}
INFO::2026-02-09T12:23:32.095Z: 🚀 Server ready at http://localhost:4003/api/v1 | {}
INFO::2026-02-09T12:23:32.096Z: 📚 API Documentation available at http://localhost:4003/api-docs | {}
INFO::2026-02-09T12:23:58.303Z: SIGTERM received. Starting graceful shutdown... | {"action":"graceful_shutdown"}
INFO::2026-02-09T12:23:58.306Z: HTTP server closed | {"action":"graceful_shutdown"}
INFO::2026-02-09T12:23:58.321Z: Database connection closed | {"action":"graceful_shutdown"}
INFO::2026-02-09T12:24:01.907Z: Prisma Info: Starting a postgresql pool with 5 connections. | {"action":"prisma_info"}
INFO::2026-02-09T12:24:01.992Z: Database connection established successfully | {"action":"server_startup"}
INFO::2026-02-09T12:24:02.045Z: Log cleanup job initialized | {"action":"server_startup"}
INFO::2026-02-09T12:24:02.064Z: Server running in development mode | {"action":"server_startup","meta":{"port":4003,"environment":"development"}}
INFO::2026-02-09T12:24:02.064Z: 🚀 Server ready at http://localhost:4003/api/v1 | {}
INFO::2026-02-09T12:24:02.065Z: 📚 API Documentation available at http://localhost:4003/api-docs | {}
INFO::2026-02-09T12:26:52.974Z: SIGTERM received. Starting graceful shutdown... | {"action":"graceful_shutdown"}
INFO::2026-02-09T12:26:56.496Z: Prisma Info: Starting a postgresql pool with 5 connections. | {"action":"prisma_info"}
INFO::2026-02-09T12:26:56.533Z: Database connection established successfully | {"action":"server_startup"}
INFO::2026-02-09T12:26:56.568Z: Log cleanup job initialized | {"action":"server_startup"}
INFO::2026-02-09T12:26:56.575Z: Server running in development mode | {"action":"server_startup","meta":{"port":4003,"environment":"development"}}
INFO::2026-02-09T12:26:56.576Z: 🚀 Server ready at http://localhost:4003/api/v1 | {}
INFO::2026-02-09T12:26:56.576Z: 📚 API Documentation available at http://localhost:4003/api-docs | {}
ERROR::2026-02-09T12:29:35.395Z: Error: Access token is required | {"action":"error_handler"}
ERROR::2026-02-09T12:29:35.397Z: Access token is required | {}
INFO::2026-02-09T12:29:55.912Z: User logged in: dushimec515@gmail.com | {}
INFO::2026-02-09T12:29:55.914Z: Login successful | {}
ERROR::2026-02-09T12:30:45.431Z: Failed to verify access token invalid signature | {}
ERROR::2026-02-09T12:30:45.438Z: Error: Invalid or expired access token | {"action":"error_handler"}
ERROR::2026-02-09T12:30:45.443Z: Invalid or expired access token | {}
INFO::2026-02-09T12:31:14.885Z: User logged in: dushimec515@gmail.com | {}
INFO::2026-02-09T12:31:14.885Z: Login successful | {}
ERROR::2026-02-09T12:31:58.072Z: Failed to verify access token invalid signature | {}
ERROR::2026-02-09T12:31:58.075Z: Error: Invalid or expired access token | {"action":"error_handler"}
ERROR::2026-02-09T12:31:58.075Z: Invalid or expired access token | {}
ERROR::2026-02-09T12:32:19.095Z: Failed to verify access token invalid signature | {}
ERROR::2026-02-09T12:32:19.107Z: Error: Invalid or expired access token | {"action":"error_handler"}
ERROR::2026-02-09T12:32:19.107Z: Invalid or expired access token | {}
INFO::2026-02-09T16:32:39.350Z: Prisma Info: Starting a postgresql pool with 5 connections. | {"action":"prisma_info"}
INFO::2026-02-09T16:32:40.215Z: Database connection established successfully | {"action":"server_startup"}
INFO::2026-02-09T16:32:40.263Z: Log cleanup job initialized | {"action":"server_startup"}
INFO::2026-02-09T16:32:40.273Z: Server running in development mode | {"action":"server_startup","meta":{"port":4003,"environment":"development"}}
INFO::2026-02-09T16:32:40.274Z: 🚀 Server ready at http://localhost:4003/api/v1 | {}
INFO::2026-02-09T16:32:40.275Z: 📚 API Documentation available at http://localhost:4003/api-docs | {}
INFO::2026-02-10T11:20:31.183Z: Prisma Info: Starting a postgresql pool with 5 connections. | {"action":"prisma_info"}
INFO::2026-02-10T11:20:33.478Z: Database connection established successfully | {"action":"server_startup"}
INFO::2026-02-10T11:20:33.675Z: Log cleanup job initialized | {"action":"server_startup"}
INFO::2026-02-10T11:20:33.859Z: Server running in development mode | {"action":"server_startup","meta":{"port":4003,"environment":"development"}}
INFO::2026-02-10T11:20:33.861Z: 🚀 Server ready at http://localhost:4003/api/v1 | {}
INFO::2026-02-10T11:20:33.861Z: 📚 API Documentation available at http://localhost:4003/api-docs | {}
INFO::2026-02-10T11:22:32.461Z: SIGTERM received. Starting graceful shutdown... | {"action":"graceful_shutdown"}
INFO::2026-02-10T11:23:03.673Z: Prisma Info: Starting a postgresql pool with 5 connections. | {"action":"prisma_info"}
INFO::2026-02-10T11:23:04.518Z: Database connection established successfully | {"action":"server_startup"}
INFO::2026-02-10T11:23:04.578Z: Log cleanup job initialized | {"action":"server_startup"}
INFO::2026-02-10T11:23:04.587Z: Server running in development mode | {"action":"server_startup","meta":{"port":4003,"environment":"development"}}
INFO::2026-02-10T11:23:04.587Z: 🚀 Server ready at http://localhost:4003/api/v1 | {}
INFO::2026-02-10T11:23:04.588Z: 📚 API Documentation available at http://localhost:4003/api-docs | {}
INFO::2026-02-10T11:23:27.880Z: SIGTERM received. Starting graceful shutdown... | {"action":"graceful_shutdown"}
INFO::2026-02-10T11:23:27.899Z: HTTP server closed | {"action":"graceful_shutdown"}
INFO::2026-02-10T11:23:28.317Z: Database connection closed | {"action":"graceful_shutdown"}
INFO::2026-02-10T11:23:42.527Z: Prisma Info: Starting a postgresql pool with 5 connections. | {"action":"prisma_info"}
INFO::2026-02-10T11:23:42.787Z: Database connection established successfully | {"action":"server_startup"}
INFO::2026-02-10T11:23:42.933Z: Log cleanup job initialized | {"action":"server_startup"}
INFO::2026-02-10T11:23:42.941Z: Server running in development mode | {"action":"server_startup","meta":{"port":4003,"environment":"development"}}
INFO::2026-02-10T11:23:42.941Z: 🚀 Server ready at http://localhost:4003/api/v1 | {}
INFO::2026-02-10T11:23:42.944Z: 📚 API Documentation available at http://localhost:4003/api-docs | {}
INFO::2026-02-10T11:23:59.001Z: SIGTERM received. Starting graceful shutdown... | {"action":"graceful_shutdown"}
INFO::2026-02-10T11:23:59.006Z: HTTP server closed | {"action":"graceful_shutdown"}
INFO::2026-02-10T11:23:59.020Z: Database connection closed | {"action":"graceful_shutdown"}
INFO::2026-02-10T11:24:15.819Z: Prisma Info: Starting a postgresql pool with 5 connections. | {"action":"prisma_info"}
INFO::2026-02-10T11:24:15.972Z: Database connection established successfully | {"action":"server_startup"}
INFO::2026-02-10T11:24:16.047Z: Log cleanup job initialized | {"action":"server_startup"}
INFO::2026-02-10T11:24:16.057Z: Server running in development mode | {"action":"server_startup","meta":{"port":4003,"environment":"development"}}
INFO::2026-02-10T11:24:16.058Z: 🚀 Server ready at http://localhost:4003/api/v1 | {}
INFO::2026-02-10T11:24:16.058Z: 📚 API Documentation available at http://localhost:4003/api-docs | {}
INFO::2026-02-10T11:27:10.982Z: SIGTERM received. Starting graceful shutdown... | {"action":"graceful_shutdown"}
INFO::2026-02-10T11:29:00.671Z: Prisma Info: Starting a postgresql pool with 5 connections. | {"action":"prisma_info"}
INFO::2026-02-10T11:29:01.417Z: Database connection established successfully | {"action":"server_startup"}
INFO::2026-02-10T11:29:01.447Z: Log cleanup job initialized | {"action":"server_startup"}
INFO::2026-02-10T11:29:01.455Z: Server running in development mode | {"action":"server_startup","meta":{"port":4003,"environment":"development"}}
INFO::2026-02-10T11:29:01.456Z: 🚀 Server ready at http://localhost:4003/api/v1 | {}
INFO::2026-02-10T11:29:01.459Z: 📚 API Documentation available at http://localhost:4003/api-docs | {}
INFO::2026-02-10T11:32:31.927Z: SIGTERM received. Starting graceful shutdown... | {"action":"graceful_shutdown"}
INFO::2026-02-10T11:32:48.292Z: Prisma Info: Starting a postgresql pool with 5 connections. | {"action":"prisma_info"}
INFO::2026-02-10T11:32:48.821Z: Database connection established successfully | {"action":"server_startup"}
INFO::2026-02-10T11:32:48.896Z: Log cleanup job initialized | {"action":"server_startup"}
INFO::2026-02-10T11:32:48.909Z: Server running in development mode | {"action":"server_startup","meta":{"port":4003,"environment":"development"}}
INFO::2026-02-10T11:32:48.911Z: 🚀 Server ready at http://localhost:4003/api/v1 | {}
INFO::2026-02-10T11:32:48.912Z: 📚 API Documentation available at http://localhost:4003/api-docs | {}
INFO::2026-02-10T11:34:39.296Z: SIGTERM received. Starting graceful shutdown... | {"action":"graceful_shutdown"}
INFO::2026-02-10T11:34:50.972Z: Prisma Info: Starting a postgresql pool with 5 connections. | {"action":"prisma_info"}
INFO::2026-02-10T11:34:51.115Z: Database connection established successfully | {"action":"server_startup"}
INFO::2026-02-10T11:34:51.169Z: Log cleanup job initialized | {"action":"server_startup"}
INFO::2026-02-10T11:34:51.176Z: Server running in development mode | {"action":"server_startup","meta":{"port":4003,"environment":"development"}}
INFO::2026-02-10T11:34:51.177Z: 🚀 Server ready at http://localhost:4003/api/v1 | {}
INFO::2026-02-10T11:34:51.177Z: 📚 API Documentation available at http://localhost:4003/api-docs | {}
INFO::2026-02-10T11:36:27.114Z: SIGTERM received. Starting graceful shutdown... | {"action":"graceful_shutdown"}
INFO::2026-02-10T11:36:57.951Z: Prisma Info: Starting a postgresql pool with 5 connections. | {"action":"prisma_info"}
INFO::2026-02-10T11:36:58.312Z: Database connection established successfully | {"action":"server_startup"}
INFO::2026-02-10T11:36:58.432Z: Log cleanup job initialized | {"action":"server_startup"}
INFO::2026-02-10T11:36:58.466Z: Server running in development mode | {"action":"server_startup","meta":{"port":4003,"environment":"development"}}
INFO::2026-02-10T11:36:58.471Z: 🚀 Server ready at http://localhost:4003/api/v1 | {}
INFO::2026-02-10T11:36:58.472Z: 📚 API Documentation available at http://localhost:4003/api-docs | {}
INFO::2026-02-10T12:07:12.340Z: Prisma Info: Starting a postgresql pool with 5 connections. | {"action":"prisma_info"}
INFO::2026-02-10T12:07:14.018Z: Database connection established successfully | {"action":"server_startup"}
INFO::2026-02-10T12:07:14.107Z: Log cleanup job initialized | {"action":"server_startup"}
INFO::2026-02-10T12:07:14.128Z: Server running in development mode | {"action":"server_startup","meta":{"port":4003,"environment":"development"}}
INFO::2026-02-10T12:07:14.129Z: 🚀 Server ready at http://localhost:4003/api/v1 | {}
INFO::2026-02-10T12:07:14.129Z: 📚 API Documentation available at http://localhost:4003/api-docs | {}
ERROR::2026-02-10T12:08:09.765Z: Error: Route GET /favicon.ico not found | {"action":"error_handler"}
ERROR::2026-02-10T12:08:11.326Z: Route GET /favicon.ico not found | {}
INFO::2026-02-10T12:09:34.656Z: User logged in: dushimec515@gmail.com | {}
INFO::2026-02-10T12:09:34.749Z: Login successful | {}
INFO::2026-02-10T12:10:54.021Z: Profile retrieved | {}
INFO::2026-02-10T12:11:32.528Z: User logged in: dushimec515@gmail.com | {}
INFO::2026-02-10T12:11:32.530Z: Login successful | {}
INFO::2026-02-10T12:12:17.195Z: Token refreshed | {}
ERROR::2026-02-10T12:13:12.219Z: Failed to send password reset email to dushimec515@gmail.com: getaddrinfo EAI_AGAIN smtp.example.com | {}
INFO::2026-02-10T12:13:12.220Z: Password reset email sent to: dushimec515@gmail.com | {}
INFO::2026-02-10T12:13:12.221Z: If an account exists, a reset link will be sent | {}
INFO::2026-02-10T22:14:02.382Z: Prisma Info: Starting a postgresql pool with 5 connections. | {"action":"prisma_info"}
INFO::2026-02-11T20:27:45.201Z: Prisma Info: Starting a postgresql pool with 5 connections. | {"action":"prisma_info"}
INFO::2026-02-11T20:27:45.375Z: Database connection established successfully | {"action":"server_startup"}
INFO::2026-02-11T20:27:45.461Z: Log cleanup job initialized | {"action":"server_startup"}
INFO::2026-02-11T20:27:45.472Z: Server running in development mode | {"action":"server_startup","meta":{"port":4003,"environment":"development"}}
INFO::2026-02-11T20:27:45.473Z: 🚀 Server ready at http://localhost:4003/api/v1 | {}
INFO::2026-02-11T20:27:45.473Z: 📚 API Documentation available at http://localhost:4003/api-docs | {}
INFO::2026-02-11T20:37:48.910Z: SIGINT received. Starting graceful shutdown... | {"action":"graceful_shutdown"}
INFO::2026-02-11T20:37:48.922Z: HTTP server closed | {"action":"graceful_shutdown"}
INFO::2026-02-11T20:37:48.933Z: SIGINT received. Starting graceful shutdown... | {"action":"graceful_shutdown"}
INFO::2026-02-11T20:37:48.936Z: HTTP server closed | {"action":"graceful_shutdown"}
INFO::2026-02-11T20:37:48.944Z: Database connection closed | {"action":"graceful_shutdown"}
INFO::2026-02-11T20:54:55.295Z: Prisma Info: Starting a postgresql pool with 5 connections. | {"action":"prisma_info"}
INFO::2026-02-11T20:54:56.491Z: Database connection established successfully | {"action":"server_startup"}
INFO::2026-02-11T20:54:56.615Z: Log cleanup job initialized | {"action":"server_startup"}
INFO::2026-02-11T20:54:56.637Z: Server running in development mode | {"action":"server_startup","meta":{"port":4003,"environment":"development"}}
INFO::2026-02-11T20:54:56.639Z: 🚀 Server ready at http://localhost:4003/api/v1 | {}
INFO::2026-02-11T20:54:56.640Z: 📚 API Documentation available at http://localhost:4003/api-docs | {}
INFO::2026-02-11T20:57:15.375Z: File uploaded successfully: avatars/avatar_f6e0be79-294c-4a9b-8b4f-65b70896b2a6_1770843430974_0238db8f.jpeg | {}
INFO::2026-02-11T20:57:15.414Z: File uploaded successfully: avatars/avatar_f6e0be79-294c-4a9b-8b4f-65b70896b2a6_1770843430974_0238db8f.jpeg | {}
INFO::2026-02-11T20:57:15.732Z: User registered: dushimec515@gmail.com | {}
INFO::2026-02-11T20:57:15.736Z: User registered successfully | {"action":"created"}
ERROR::2026-02-11T21:08:20.157Z: Error: Invalid email or password | {"action":"error_handler"}
ERROR::2026-02-11T21:08:20.278Z: Invalid email or password | {}
ERROR::2026-02-11T21:09:02.610Z: Error: Invalid email or password | {"action":"error_handler"}
ERROR::2026-02-11T21:09:02.611Z: Invalid email or password | {}
INFO::2026-02-11T21:09:25.669Z: User logged in: dushimec515@gmail.com | {}
INFO::2026-02-11T21:09:25.697Z: Login successful | {}
INFO::2026-02-11T21:11:07.186Z: Google auth URL | {}
ERROR::2026-02-11T21:13:26.365Z: Failed to send password reset email to dushimec515@gmail.com: getaddrinfo ENOTFOUND smtp.example.com | {}
INFO::2026-02-11T21:13:26.373Z: Password reset email sent to: dushimec515@gmail.com | {}
INFO::2026-02-11T21:13:26.373Z: If an account exists, a reset link will be sent | {}
ERROR::2026-02-11T21:16:38.246Z: Error: Access token is required | {"action":"error_handler"}
ERROR::2026-02-11T21:16:38.248Z: Access token is required | {}
INFO::2026-02-11T21:17:51.077Z: Profile retrieved | {}
INFO::2026-02-11T21:19:23.189Z: File uploaded successfully: avatars/avatar_f6e0be79-294c-4a9b-8b4f-65b70896b2a6_1770844761586_6d54db13.jpeg | {}
INFO::2026-02-11T21:19:23.194Z: File uploaded successfully: avatars/avatar_f6e0be79-294c-4a9b-8b4f-65b70896b2a6_1770844761586_6d54db13.jpeg | {}
INFO::2026-02-11T21:19:23.234Z: Profile updated | {}
INFO::2026-02-11T21:20:00.983Z: Profile retrieved | {}
INFO::2026-02-11T21:21:00.957Z: File uploaded successfully: avatars/avatar_f6e0be79-294c-4a9b-8b4f-65b70896b2a6_1770844860085_58c05bf0.jpeg | {}
INFO::2026-02-11T21:21:00.957Z: File uploaded successfully: avatars/avatar_f6e0be79-294c-4a9b-8b4f-65b70896b2a6_1770844860085_58c05bf0.jpeg | {}
INFO::2026-02-11T21:21:00.986Z: Profile updated | {}
INFO::2026-02-11T21:21:44.334Z: Profile updated | {}
INFO::2026-02-11T21:22:02.518Z: Profile updated | {}
ERROR::2026-02-11T21:23:24.321Z: Failed to send password change confirmation email to dushimec515@gmail.com: getaddrinfo ENOTFOUND smtp.example.com | {}
INFO::2026-02-11T21:23:24.322Z: Password changed for: dushimec515@gmail.com | {}
INFO::2026-02-11T21:23:24.322Z: Password changed successfully | {}
ERROR::2026-02-11T21:23:43.384Z: Error: Invalid email or password | {"action":"error_handler"}
ERROR::2026-02-11T21:23:43.385Z: Invalid email or password | {}
INFO::2026-02-11T21:24:07.602Z: User logged in: dushimec515@gmail.com | {}
INFO::2026-02-11T21:24:07.603Z: Login successful | {}
INFO::2026-02-12T19:27:31.496Z: Prisma Info: Starting a postgresql pool with 5 connections. | {"action":"prisma_info"}
INFO::2026-02-12T19:27:34.010Z: Database connection established successfully | {"action":"server_startup"}
INFO::2026-02-12T19:27:34.247Z: Log cleanup job initialized | {"action":"server_startup"}
INFO::2026-02-12T19:27:34.255Z: Server running in development mode | {"action":"server_startup","meta":{"port":4003,"environment":"development"}}
INFO::2026-02-12T19:27:34.255Z: 🚀 Server ready at http://localhost:4003/api/v1 | {}
INFO::2026-02-12T19:27:34.256Z: 📚 API Documentation available at http://localhost:4003/api-docs | {}
ERROR::2026-02-12T19:32:08.906Z: Error: Please verify your email before logging in. Check your email for the verification code. | {"action":"error_handler"}
ERROR::2026-02-12T19:32:09.255Z: Please verify your email before logging in. Check your email for the verification code. | {}
ERROR::2026-02-12T19:32:56.684Z: Failed to send verification email to dushimec515@gmail.com: getaddrinfo ENOTFOUND smtp.example.com | {}
INFO::2026-02-12T19:32:56.686Z: Verification code resent to: dushimec515@gmail.com | {}
INFO::2026-02-12T19:32:56.714Z: Verification code sent successfully | {}
INFO::2026-02-12T19:45:24.695Z: Prisma Info: Starting a postgresql pool with 5 connections. | {"action":"prisma_info"}
INFO::2026-02-12T19:45:31.414Z: Database connection established successfully | {"action":"server_startup"}
INFO::2026-02-12T19:45:31.446Z: Log cleanup job initialized | {"action":"server_startup"}
INFO::2026-02-12T19:45:31.454Z: Server running in development mode | {"action":"server_startup","meta":{"port":4003,"environment":"development"}}
INFO::2026-02-12T19:45:31.455Z: 🚀 Server ready at http://localhost:4003/api/v1 | {}
INFO::2026-02-12T19:45:31.455Z: 📚 API Documentation available at http://localhost:4003/api-docs | {}
INFO::2026-02-12T19:48:18.546Z: Verification email sent to dushimec515@gmail.com | {}
INFO::2026-02-12T19:48:19.308Z: Verification code resent to: dushimec515@gmail.com | {}
INFO::2026-02-12T19:48:19.309Z: Verification code sent successfully | {}
INFO::2026-02-12T19:49:42.943Z: Prisma Info: Starting a postgresql pool with 5 connections. | {"action":"prisma_info"}
INFO::2026-02-12T19:49:43.400Z: Database connection established successfully | {"action":"server_startup"}
INFO::2026-02-12T19:49:43.464Z: Log cleanup job initialized | {"action":"server_startup"}
INFO::2026-02-12T19:49:43.477Z: Server running in development mode | {"action":"server_startup","meta":{"port":4003,"environment":"development"}}
INFO::2026-02-12T19:49:43.478Z: 🚀 Server ready at http://localhost:4003/api/v1 | {}
INFO::2026-02-12T19:49:43.478Z: 📚 API Documentation available at http://localhost:4003/api-docs | {}
INFO::2026-02-12T19:49:54.886Z: Verification email sent to dushimec515@gmail.com | {}
INFO::2026-02-12T19:49:54.887Z: Verification code resent to: dushimec515@gmail.com | {}
INFO::2026-02-12T19:49:54.888Z: Verification code sent successfully | {}
ERROR::2026-02-12T19:52:56.927Z: Error: Invalid or expired verification code | {"action":"error_handler"}
ERROR::2026-02-12T19:52:56.930Z: Invalid or expired verification code | {}
INFO::2026-02-12T20:10:36.911Z: Prisma Info: Starting a postgresql pool with 5 connections. | {"action":"prisma_info"}
INFO::2026-02-12T20:10:37.258Z: Database connection established successfully | {"action":"server_startup"}
INFO::2026-02-12T20:10:37.428Z: Log cleanup job initialized | {"action":"server_startup"}
INFO::2026-02-12T20:10:37.457Z: Server running in development mode | {"action":"server_startup","meta":{"port":4003,"environment":"development"}}
INFO::2026-02-12T20:10:37.459Z: 🚀 Server ready at http://localhost:4003/api/v1 | {}
INFO::2026-02-12T20:10:37.460Z: 📚 API Documentation available at http://localhost:4003/api-docs | {}
ERROR::2026-02-12T20:17:06.546Z: Error: Invalid or expired verification code | {"action":"error_handler"}
ERROR::2026-02-12T20:17:06.788Z: Invalid or expired verification code | {}
INFO::2026-02-12T20:23:20.728Z: Prisma Info: Starting a postgresql pool with 5 connections. | {"action":"prisma_info"}
INFO::2026-02-12T20:23:23.809Z: Database connection established successfully | {"action":"server_startup"}
INFO::2026-02-12T20:23:24.966Z: Log cleanup job initialized | {"action":"server_startup"}
INFO::2026-02-12T20:23:24.984Z: Server running in development mode | {"action":"server_startup","meta":{"port":4003,"environment":"development"}}
INFO::2026-02-12T20:23:24.986Z: 🚀 Server ready at http://localhost:4003/api/v1 | {}
INFO::2026-02-12T20:23:24.986Z: 📚 API Documentation available at http://localhost:4003/api-docs | {}
INFO::2026-02-12T20:23:49.856Z: SIGTERM received. Starting graceful shutdown... | {"action":"graceful_shutdown"}
INFO::2026-02-12T20:24:36.393Z: Prisma Info: Starting a postgresql pool with 5 connections. | {"action":"prisma_info"}
INFO::2026-02-12T20:24:36.764Z: Database connection established successfully | {"action":"server_startup"}
INFO::2026-02-12T20:24:36.925Z: Log cleanup job initialized | {"action":"server_startup"}
INFO::2026-02-12T20:24:36.933Z: Server running in development mode | {"action":"server_startup","meta":{"port":4003,"environment":"development"}}
INFO::2026-02-12T20:24:36.934Z: 🚀 Server ready at http://localhost:4003/api/v1 | {}
INFO::2026-02-12T20:24:36.935Z: 📚 API Documentation available at http://localhost:4003/api-docs | {}
INFO::2026-02-12T20:32:38.506Z: SIGINT received. Starting graceful shutdown... | {"action":"graceful_shutdown"}
INFO::2026-02-12T20:32:40.595Z: HTTP server closed | {"action":"graceful_shutdown"}
INFO::2026-02-12T20:32:42.660Z: SIGINT received. Starting graceful shutdown... | {"action":"graceful_shutdown"}
INFO::2026-02-12T20:32:43.046Z: HTTP server closed | {"action":"graceful_shutdown"}
INFO::2026-02-12T20:32:43.931Z: Database connection closed | {"action":"graceful_shutdown"}
INFO::2026-02-12T20:36:08.264Z: Prisma Info: Starting a postgresql pool with 5 connections. | {"action":"prisma_info"}
INFO::2026-02-12T20:36:08.625Z: Database connection established successfully | {"action":"server_startup"}
INFO::2026-02-12T20:36:08.665Z: Log cleanup job initialized | {"action":"server_startup"}
INFO::2026-02-12T20:36:08.675Z: Server running in development mode | {"action":"server_startup","meta":{"port":4003,"environment":"development"}}
INFO::2026-02-12T20:36:08.677Z: 🚀 Server ready at http://localhost:4003/api/v1 | {}
INFO::2026-02-12T20:36:08.677Z: 📚 API Documentation available at http://localhost:4003/api-docs | {}
INFO::2026-02-12T20:37:12.986Z: If an account exists, a verification code will be sent | {}
INFO::2026-02-12T20:39:20.853Z: File uploaded successfully: avatars/avatar_f6731755-80e7-46cb-934a-3675588ba3d8_1770928756710_b23ac94c.jpeg | {}
INFO::2026-02-12T20:39:20.854Z: File uploaded successfully: avatars/avatar_f6731755-80e7-46cb-934a-3675588ba3d8_1770928756710_b23ac94c.jpeg | {}
INFO::2026-02-12T20:39:25.777Z: Verification email sent to dushimec515@gmail.com | {}
INFO::2026-02-12T20:39:25.789Z: User registered: dushimec515@gmail.com | {}
INFO::2026-02-12T20:39:25.793Z: User registered successfully | {"action":"created"}
ERROR::2026-02-12T20:41:20.946Z: Error: Invalid or expired verification code | {"action":"error_handler"}
ERROR::2026-02-12T20:41:20.949Z: Invalid or expired verification code | {}
ERROR::2026-02-12T20:41:34.182Z: Error: Invalid or expired verification code | {"action":"error_handler"}
ERROR::2026-02-12T20:41:34.191Z: Invalid or expired verification code | {}
INFO::2026-02-12T20:46:41.363Z: SIGTERM received. Starting graceful shutdown... | {"action":"graceful_shutdown"}
INFO::2026-02-12T20:46:41.366Z: HTTP server closed | {"action":"graceful_shutdown"}
INFO::2026-02-12T20:46:41.646Z: Database connection closed | {"action":"graceful_shutdown"}
INFO::2026-02-12T20:50:03.591Z: Prisma Info: Starting a postgresql pool with 5 connections. | {"action":"prisma_info"}
INFO::2026-02-12T20:50:04.504Z: Database connection established successfully | {"action":"server_startup"}
INFO::2026-02-12T20:50:04.591Z: Log cleanup job initialized | {"action":"server_startup"}
INFO::2026-02-12T20:50:04.604Z: Server running in development mode | {"action":"server_startup","meta":{"port":4003,"environment":"development"}}
INFO::2026-02-12T20:50:04.606Z: 🚀 Server ready at http://localhost:4003/api/v1 | {}
INFO::2026-02-12T20:50:04.609Z: 📚 API Documentation available at http://localhost:4003/api-docs | {}
INFO::2026-02-12T20:51:29.592Z: SIGTERM received. Starting graceful shutdown... | {"action":"graceful_shutdown"}
INFO::2026-02-12T20:51:29.595Z: HTTP server closed | {"action":"graceful_shutdown"}
INFO::2026-02-12T20:51:29.603Z: Database connection closed | {"action":"graceful_shutdown"}
INFO::2026-02-12T20:52:25.389Z: Prisma Info: Starting a postgresql pool with 5 connections. | {"action":"prisma_info"}
INFO::2026-02-12T20:52:25.530Z: Database connection established successfully | {"action":"server_startup"}
INFO::2026-02-12T20:52:25.578Z: Log cleanup job initialized | {"action":"server_startup"}
INFO::2026-02-12T20:52:25.589Z: Server running in development mode | {"action":"server_startup","meta":{"port":4003,"environment":"development"}}
INFO::2026-02-12T20:52:25.591Z: 🚀 Server ready at http://localhost:4003/api/v1 | {}
INFO::2026-02-12T20:52:25.593Z: 📚 API Documentation available at http://localhost:4003/api-docs | {}
INFO::2026-02-12T21:08:40.807Z: Prisma Info: Starting a postgresql pool with 5 connections. | {"action":"prisma_info"}
INFO::2026-02-12T21:08:40.884Z: Database connection established successfully | {"action":"server_startup"}
INFO::2026-02-12T21:08:40.911Z: Log cleanup job initialized | {"action":"server_startup"}
INFO::2026-02-12T21:08:40.918Z: Server running in development mode | {"action":"server_startup","meta":{"port":4003,"environment":"development"}}
INFO::2026-02-12T21:08:40.918Z: 🚀 Server ready at http://localhost:4003/api/v1 | {}
INFO::2026-02-12T21:08:40.918Z: 📚 API Documentation available at http://localhost:4003/api-docs | {}
INFO::2026-02-12T21:09:20.900Z: Verification email sent to dushimec515@gmail.com | {}
INFO::2026-02-12T21:09:20.901Z: Verification code resent to: dushimec515@gmail.com | {}
INFO::2026-02-12T21:09:20.902Z: Verification code sent successfully | {}
INFO::2026-02-12T21:10:44.317Z: Email verified for: dushimec515@gmail.com | {}
INFO::2026-02-12T21:10:44.318Z: Email verified successfully | {}
INFO::2026-02-12T21:11:43.440Z: User logged in: dushimec515@gmail.com | {}
INFO::2026-02-12T21:11:43.441Z: Login successful | {}
INFO::2026-02-12T21:12:06.985Z: Password reset email sent to dushimec515@gmail.com | {}
INFO::2026-02-12T21:12:06.986Z: Password reset email sent to: dushimec515@gmail.com | {}
INFO::2026-02-12T21:12:06.986Z: If an account exists, a reset link will be sent | {}
INFO::2026-02-12T21:12:57.066Z: Password reset email sent to dushimec515@gmail.com | {}
INFO::2026-02-12T21:12:57.066Z: Password reset email sent to: dushimec515@gmail.com | {}
INFO::2026-02-12T21:12:57.067Z: If an account exists, a reset link will be sent | {}
INFO::2026-02-12T21:15:16.040Z: Profile retrieved | {}
INFO::2026-02-12T21:16:09.341Z: File uploaded successfully: avatars/avatar_f6731755-80e7-46cb-934a-3675588ba3d8_1770930964165_11d9ea14.jpeg | {}
INFO::2026-02-12T21:16:09.342Z: File uploaded successfully: avatars/avatar_f6731755-80e7-46cb-934a-3675588ba3d8_1770930964165_11d9ea14.jpeg | {}
INFO::2026-02-12T21:16:09.342Z: Avatar uploaded successfully: avatars/avatar_f6731755-80e7-46cb-934a-3675588ba3d8_1770930964165_11d9ea14.jpeg | {}
INFO::2026-02-12T21:16:09.487Z: Profile updated | {}
INFO::2026-02-12T21:17:30.320Z: File uploaded successfully: avatars/avatar_f6731755-80e7-46cb-934a-3675588ba3d8_1770931048313_fcdf634a.jpeg | {}
INFO::2026-02-12T21:17:30.320Z: File uploaded successfully: avatars/avatar_f6731755-80e7-46cb-934a-3675588ba3d8_1770931048313_fcdf634a.jpeg | {}
INFO::2026-02-12T21:17:30.321Z: Avatar uploaded successfully: avatars/avatar_f6731755-80e7-46cb-934a-3675588ba3d8_1770931048313_fcdf634a.jpeg | {}
INFO::2026-02-12T21:17:30.358Z: Profile updated | {}
INFO::2026-02-12T21:24:17.442Z: SIGTERM received. Starting graceful shutdown... | {"action":"graceful_shutdown"}
INFO::2026-02-12T21:24:17.768Z: HTTP server closed | {"action":"graceful_shutdown"}
INFO::2026-02-12T21:24:18.219Z: Database connection closed | {"action":"graceful_shutdown"}
INFO::2026-02-12T21:24:51.042Z: Prisma Info: Starting a postgresql pool with 5 connections. | {"action":"prisma_info"}
INFO::2026-02-12T21:24:51.286Z: Database connection established successfully | {"action":"server_startup"}
INFO::2026-02-12T21:24:51.338Z: Log cleanup job initialized | {"action":"server_startup"}
INFO::2026-02-12T21:24:51.348Z: Server running in development mode | {"action":"server_startup","meta":{"port":4003,"environment":"development"}}
INFO::2026-02-12T21:24:51.349Z: 🚀 Server ready at http://localhost:4003/api/v1 | {}
INFO::2026-02-12T21:24:51.349Z: 📚 API Documentation available at http://localhost:4003/api-docs | {}
INFO::2026-02-12T21:31:02.050Z: SIGTERM received. Starting graceful shutdown... | {"action":"graceful_shutdown"}
INFO::2026-02-12T21:31:02.052Z: HTTP server closed | {"action":"graceful_shutdown"}
INFO::2026-02-12T21:31:02.062Z: Database connection closed | {"action":"graceful_shutdown"}
INFO::2026-02-12T21:31:12.081Z: Prisma Info: Starting a postgresql pool with 5 connections. | {"action":"prisma_info"}
INFO::2026-02-12T21:31:12.116Z: Database connection established successfully | {"action":"server_startup"}
INFO::2026-02-12T21:31:12.143Z: Log cleanup job initialized | {"action":"server_startup"}
INFO::2026-02-12T21:31:12.149Z: Server running in development mode | {"action":"server_startup","meta":{"port":4003,"environment":"development"}}
INFO::2026-02-12T21:31:12.150Z: 🚀 Server ready at http://localhost:4003/api/v1 | {}
INFO::2026-02-12T21:31:12.150Z: 📚 API Documentation available at http://localhost:4003/api-docs | {}
INFO::2026-02-12T21:38:03.483Z: SIGTERM received. Starting graceful shutdown... | {"action":"graceful_shutdown"}
INFO::2026-02-12T21:38:03.514Z: HTTP server closed | {"action":"graceful_shutdown"}
INFO::2026-02-12T21:50:44.751Z: Prisma Info: Starting a postgresql pool with 5 connections. | {"action":"prisma_info"}
INFO::2026-02-12T21:50:44.884Z: Database connection established successfully | {"action":"server_startup"}
INFO::2026-02-12T21:50:44.978Z: Log cleanup job initialized | {"action":"server_startup"}
INFO::2026-02-12T21:50:44.991Z: Server running in development mode | {"action":"server_startup","meta":{"port":4003,"environment":"development"}}
INFO::2026-02-12T21:50:44.992Z: 🚀 Server ready at http://localhost:4003/api/v1 | {}
INFO::2026-02-12T21:50:44.992Z: 📚 API Documentation available at http://localhost:4003/api-docs | {}
INFO::2026-02-12T21:50:56.502Z: SIGTERM received. Starting graceful shutdown... | {"action":"graceful_shutdown"}
INFO::2026-02-12T21:50:56.508Z: HTTP server closed | {"action":"graceful_shutdown"}
INFO::2026-02-12T21:50:56.563Z: Database connection closed | {"action":"graceful_shutdown"}
INFO::2026-02-12T21:51:12.864Z: Prisma Info: Starting a postgresql pool with 5 connections. | {"action":"prisma_info"}
INFO::2026-02-12T21:51:12.998Z: Database connection established successfully | {"action":"server_startup"}
INFO::2026-02-12T21:51:13.042Z: Log cleanup job initialized | {"action":"server_startup"}
INFO::2026-02-12T21:51:13.051Z: Server running in development mode | {"action":"server_startup","meta":{"port":4003,"environment":"development"}}
INFO::2026-02-12T21:51:13.051Z: 🚀 Server ready at http://localhost:4003/api/v1 | {}
INFO::2026-02-12T21:51:13.054Z: 📚 API Documentation available at http://localhost:4003/api-docs | {}
INFO::2026-02-12T21:51:39.493Z: SIGTERM received. Starting graceful shutdown... | {"action":"graceful_shutdown"}
INFO::2026-02-12T21:51:39.511Z: HTTP server closed | {"action":"graceful_shutdown"}
INFO::2026-02-12T21:51:39.584Z: Database connection closed | {"action":"graceful_shutdown"}
INFO::2026-02-12T21:54:11.828Z: Prisma Info: Starting a postgresql pool with 5 connections. | {"action":"prisma_info"}
INFO::2026-02-12T21:54:11.939Z: Database connection established successfully | {"action":"server_startup"}
INFO::2026-02-12T21:54:11.973Z: Log cleanup job initialized | {"action":"server_startup"}
INFO::2026-02-12T21:54:11.982Z: Server running in development mode | {"action":"server_startup","meta":{"port":4003,"environment":"development"}}
INFO::2026-02-12T21:54:11.983Z: 🚀 Server ready at http://localhost:4003/api/v1 | {}
INFO::2026-02-12T21:54:11.985Z: 📚 API Documentation available at http://localhost:4003/api-docs | {}
INFO::2026-02-12T21:54:33.303Z: SIGTERM received. Starting graceful shutdown... | {"action":"graceful_shutdown"}
INFO::2026-02-12T21:54:33.331Z: HTTP server closed | {"action":"graceful_shutdown"}
INFO::2026-02-12T21:54:33.355Z: Database connection closed | {"action":"graceful_shutdown"}
INFO::2026-02-12T21:58:30.620Z: Prisma Info: Starting a postgresql pool with 5 connections. | {"action":"prisma_info"}
INFO::2026-02-12T21:58:30.969Z: Database connection established successfully | {"action":"server_startup"}
INFO::2026-02-12T21:58:31.003Z: Log cleanup job initialized | {"action":"server_startup"}
INFO::2026-02-12T21:58:31.012Z: Server running in development mode | {"action":"server_startup","meta":{"port":4003,"environment":"development"}}
INFO::2026-02-12T21:58:31.013Z: 🚀 Server ready at http://localhost:4003/api/v1 | {}
INFO::2026-02-12T21:58:31.013Z: 📚 API Documentation available at http://localhost:4003/api-docs | {}
INFO::2026-02-13T11:25:55.192Z: Prisma Info: Starting a postgresql pool with 5 connections. | {"action":"prisma_info"}
INFO::2026-02-13T11:25:56.560Z: Database connection established successfully | {"action":"server_startup"}
INFO::2026-02-13T11:25:56.749Z: Log cleanup job initialized | {"action":"server_startup"}
INFO::2026-02-13T11:25:56.768Z: Server running in development mode | {"action":"server_startup","meta":{"port":4003,"environment":"development"}}
INFO::2026-02-13T11:25:56.769Z: 🚀 Server ready at http://localhost:4003/api/v1 | {}
INFO::2026-02-13T11:25:56.769Z: 📚 API Documentation available at http://localhost:4003/api-docs | {}
INFO::2026-02-13T11:42:25.744Z: Prisma Info: Starting a postgresql pool with 5 connections. | {"action":"prisma_info"}
INFO::2026-02-13T11:42:29.131Z: Database connection established successfully | {"action":"server_startup"}
INFO::2026-02-13T11:42:29.258Z: Log cleanup job initialized | {"action":"server_startup"}
INFO::2026-02-13T11:42:29.266Z: Server running in development mode | {"action":"server_startup","meta":{"port":4003,"environment":"development"}}
INFO::2026-02-13T11:42:29.267Z: 🚀 Server ready at http://localhost:4003/api/v1 | {}
INFO::2026-02-13T11:42:29.267Z: 📚 API Documentation available at http://localhost:4003/api-docs | {}
INFO::2026-02-13T11:42:34.531Z: SIGTERM received. Starting graceful shutdown... | {"action":"graceful_shutdown"}
INFO::2026-02-13T11:42:34.544Z: HTTP server closed | {"action":"graceful_shutdown"}
INFO::2026-02-13T11:42:34.571Z: Database connection closed | {"action":"graceful_shutdown"}
INFO::2026-02-13T11:42:56.530Z: Prisma Info: Starting a postgresql pool with 5 connections. | {"action":"prisma_info"}
INFO::2026-02-13T11:42:56.992Z: Database connection established successfully | {"action":"server_startup"}
INFO::2026-02-13T11:42:57.123Z: Log cleanup job initialized | {"action":"server_startup"}
INFO::2026-02-13T11:42:57.158Z: Server running in development mode | {"action":"server_startup","meta":{"port":4003,"environment":"development"}}
INFO::2026-02-13T11:42:57.159Z: 🚀 Server ready at http://localhost:4003/api/v1 | {}
INFO::2026-02-13T11:42:57.164Z: 📚 API Documentation available at http://localhost:4003/api-docs | {}
INFO::2026-02-13T11:44:10.625Z: SIGTERM received. Starting graceful shutdown... | {"action":"graceful_shutdown"}
INFO::2026-02-13T11:44:10.631Z: HTTP server closed | {"action":"graceful_shutdown"}
INFO::2026-02-13T11:44:10.864Z: Database connection closed | {"action":"graceful_shutdown"}
INFO::2026-02-13T11:44:37.806Z: Prisma Info: Starting a postgresql pool with 5 connections. | {"action":"prisma_info"}
INFO::2026-02-13T11:44:38.016Z: Database connection established successfully | {"action":"server_startup"}
INFO::2026-02-13T11:44:38.067Z: Log cleanup job initialized | {"action":"server_startup"}
INFO::2026-02-13T11:44:38.075Z: Server running in development mode | {"action":"server_startup","meta":{"port":4003,"environment":"development"}}
INFO::2026-02-13T11:44:38.076Z: 🚀 Server ready at http://localhost:4003/api/v1 | {}
INFO::2026-02-13T11:44:38.076Z: 📚 API Documentation available at http://localhost:4003/api-docs | {}
INFO::2026-02-13T11:44:54.546Z: SIGTERM received. Starting graceful shutdown... | {"action":"graceful_shutdown"}
INFO::2026-02-13T11:44:54.578Z: HTTP server closed | {"action":"graceful_shutdown"}
INFO::2026-02-13T11:45:02.447Z: Prisma Info: Starting a postgresql pool with 5 connections. | {"action":"prisma_info"}
INFO::2026-02-13T11:45:02.567Z: Database connection established successfully | {"action":"server_startup"}
INFO::2026-02-13T11:45:02.612Z: Log cleanup job initialized | {"action":"server_startup"}
INFO::2026-02-13T11:45:02.628Z: Server running in development mode | {"action":"server_startup","meta":{"port":4003,"environment":"development"}}
INFO::2026-02-13T11:45:02.628Z: 🚀 Server ready at http://localhost:4003/api/v1 | {}
INFO::2026-02-13T11:45:02.629Z: 📚 API Documentation available at http://localhost:4003/api-docs | {}
INFO::2026-02-13T12:22:29.318Z: SIGTERM received. Starting graceful shutdown... | {"action":"graceful_shutdown"}
INFO::2026-02-13T12:22:29.494Z: HTTP server closed | {"action":"graceful_shutdown"}
INFO::2026-02-13T12:22:31.352Z: Database connection closed | {"action":"graceful_shutdown"}
INFO::2026-02-13T12:24:02.264Z: Prisma Info: Starting a postgresql pool with 5 connections. | {"action":"prisma_info"}
INFO::2026-02-13T12:24:03.693Z: Database connection established successfully | {"action":"server_startup"}
INFO::2026-02-13T12:24:03.804Z: Log cleanup job initialized | {"action":"server_startup"}
INFO::2026-02-13T12:24:03.826Z: Server running in development mode | {"action":"server_startup","meta":{"port":4003,"environment":"development"}}
INFO::2026-02-13T12:24:03.827Z: 🚀 Server ready at http://localhost:4003/api/v1 | {}
INFO::2026-02-13T12:24:03.827Z: 📚 API Documentation available at http://localhost:4003/api-docs | {}
INFO::2026-02-13T12:24:36.098Z: SIGTERM received. Starting graceful shutdown... | {"action":"graceful_shutdown"}
INFO::2026-02-13T12:24:36.127Z: HTTP server closed | {"action":"graceful_shutdown"}
INFO::2026-02-13T12:24:47.669Z: Prisma Info: Starting a postgresql pool with 5 connections. | {"action":"prisma_info"}
INFO::2026-02-13T12:24:47.730Z: Database connection established successfully | {"action":"server_startup"}
INFO::2026-02-13T12:24:47.774Z: Log cleanup job initialized | {"action":"server_startup"}
INFO::2026-02-13T12:24:47.787Z: Server running in development mode | {"action":"server_startup","meta":{"port":4003,"environment":"development"}}
INFO::2026-02-13T12:24:47.789Z: 🚀 Server ready at http://localhost:4003/api/v1 | {}
INFO::2026-02-13T12:24:47.789Z: 📚 API Documentation available at http://localhost:4003/api-docs | {}
INFO::2026-02-13T12:25:04.688Z: SIGTERM received. Starting graceful shutdown... | {"action":"graceful_shutdown"}
INFO::2026-02-13T12:25:04.713Z: HTTP server closed | {"action":"graceful_shutdown"}
INFO::2026-02-13T12:25:04.738Z: Database connection closed | {"action":"graceful_shutdown"}
INFO::2026-02-13T12:25:20.934Z: Prisma Info: Starting a postgresql pool with 5 connections. | {"action":"prisma_info"}
INFO::2026-02-13T12:25:20.986Z: Database connection established successfully | {"action":"server_startup"}
INFO::2026-02-13T12:25:21.025Z: Log cleanup job initialized | {"action":"server_startup"}
INFO::2026-02-13T12:25:21.034Z: Server running in development mode | {"action":"server_startup","meta":{"port":4003,"environment":"development"}}
INFO::2026-02-13T12:25:21.034Z: 🚀 Server ready at http://localhost:4003/api/v1 | {}
INFO::2026-02-13T12:25:21.035Z: 📚 API Documentation available at http://localhost:4003/api-docs | {}
INFO::2026-02-13T12:47:49.098Z: Prisma Info: Starting a postgresql pool with 5 connections. | {"action":"prisma_info"}
INFO::2026-02-13T12:47:49.554Z: Database connection established successfully | {"action":"server_startup"}
INFO::2026-02-13T12:47:49.616Z: Log cleanup job initialized | {"action":"server_startup"}
INFO::2026-02-13T12:47:49.624Z: Server running in development mode | {"action":"server_startup","meta":{"port":4003,"environment":"development"}}
INFO::2026-02-13T12:47:49.625Z: 🚀 Server ready at http://localhost:4003/api/v1 | {}
INFO::2026-02-13T12:47:49.625Z: 📚 API Documentation available at http://localhost:4003/api-docs | {}
INFO::2026-02-13T12:48:09.531Z: SIGTERM received. Starting graceful shutdown... | {"action":"graceful_shutdown"}
INFO::2026-02-13T12:48:09.533Z: HTTP server closed | {"action":"graceful_shutdown"}
INFO::2026-02-13T12:48:09.549Z: Database connection closed | {"action":"graceful_shutdown"}
INFO::2026-02-13T12:48:15.850Z: Prisma Info: Starting a postgresql pool with 5 connections. | {"action":"prisma_info"}
INFO::2026-02-13T12:48:15.885Z: Database connection established successfully | {"action":"server_startup"}
INFO::2026-02-13T12:48:15.916Z: Log cleanup job initialized | {"action":"server_startup"}
INFO::2026-02-13T12:48:15.924Z: Server running in development mode | {"action":"server_startup","meta":{"port":4003,"environment":"development"}}
INFO::2026-02-13T12:48:15.924Z: 🚀 Server ready at http://localhost:4003/api/v1 | {}
INFO::2026-02-13T12:48:15.925Z: 📚 API Documentation available at http://localhost:4003/api-docs | {}
INFO::2026-02-13T12:58:31.096Z: SIGTERM received. Starting graceful shutdown... | {"action":"graceful_shutdown"}
INFO::2026-02-13T12:58:31.308Z: HTTP server closed | {"action":"graceful_shutdown"}
INFO::2026-02-13T12:58:32.073Z: Database connection closed | {"action":"graceful_shutdown"}
INFO::2026-02-13T12:59:03.826Z: Prisma Info: Starting a postgresql pool with 5 connections. | {"action":"prisma_info"}
INFO::2026-02-13T12:59:06.891Z: Database connection established successfully | {"action":"server_startup"}
INFO::2026-02-13T12:59:07.175Z: Log cleanup job initialized | {"action":"server_startup"}
INFO::2026-02-13T12:59:07.181Z: Server running in development mode | {"action":"server_startup","meta":{"port":4003,"environment":"development"}}
INFO::2026-02-13T12:59:07.182Z: 🚀 Server ready at http://localhost:4003/api/v1 | {}
INFO::2026-02-13T12:59:07.182Z: 📚 API Documentation available at http://localhost:4003/api-docs | {}
INFO::2026-02-13T13:00:33.774Z: SIGTERM received. Starting graceful shutdown... | {"action":"graceful_shutdown"}
INFO::2026-02-13T13:00:33.793Z: HTTP server closed | {"action":"graceful_shutdown"}
INFO::2026-02-13T13:00:33.811Z: Database connection closed | {"action":"graceful_shutdown"}
INFO::2026-02-13T13:00:55.558Z: Prisma Info: Starting a postgresql pool with 5 connections. | {"action":"prisma_info"}
INFO::2026-02-13T13:00:55.885Z: Database connection established successfully | {"action":"server_startup"}
INFO::2026-02-13T13:00:55.916Z: Log cleanup job initialized | {"action":"server_startup"}
INFO::2026-02-13T13:00:55.925Z: Server running in development mode | {"action":"server_startup","meta":{"port":4003,"environment":"development"}}
INFO::2026-02-13T13:00:55.926Z: 🚀 Server ready at http://localhost:4003/api/v1 | {}
INFO::2026-02-13T13:00:55.926Z: 📚 API Documentation available at http://localhost:4003/api-docs | {}
INFO::2026-02-13T13:01:13.426Z: SIGTERM received. Starting graceful shutdown... | {"action":"graceful_shutdown"}
INFO::2026-02-13T13:01:13.464Z: HTTP server closed | {"action":"graceful_shutdown"}
INFO::2026-02-13T13:01:13.503Z: Database connection closed | {"action":"graceful_shutdown"}
INFO::2026-02-13T13:01:32.739Z: Prisma Info: Starting a postgresql pool with 5 connections. | {"action":"prisma_info"}
INFO::2026-02-13T13:01:33.057Z: Database connection established successfully | {"action":"server_startup"}
INFO::2026-02-13T13:01:33.098Z: Log cleanup job initialized | {"action":"server_startup"}
INFO::2026-02-13T13:01:33.106Z: Server running in development mode | {"action":"server_startup","meta":{"port":4003,"environment":"development"}}
INFO::2026-02-13T13:01:33.107Z: 🚀 Server ready at http://localhost:4003/api/v1 | {}
INFO::2026-02-13T13:01:33.107Z: 📚 API Documentation available at http://localhost:4003/api-docs | {}
INFO::2026-02-13T13:01:40.570Z: SIGTERM received. Starting graceful shutdown... | {"action":"graceful_shutdown"}
INFO::2026-02-13T13:01:40.599Z: HTTP server closed | {"action":"graceful_shutdown"}
INFO::2026-02-13T13:01:58.872Z: Prisma Info: Starting a postgresql pool with 5 connections. | {"action":"prisma_info"}
INFO::2026-02-13T13:01:59.270Z: Database connection established successfully | {"action":"server_startup"}
INFO::2026-02-13T13:01:59.343Z: Log cleanup job initialized | {"action":"server_startup"}
INFO::2026-02-13T13:01:59.361Z: Server running in development mode | {"action":"server_startup","meta":{"port":4003,"environment":"development"}}
INFO::2026-02-13T13:01:59.361Z: 🚀 Server ready at http://localhost:4003/api/v1 | {}
INFO::2026-02-13T13:01:59.362Z: 📚 API Documentation available at http://localhost:4003/api-docs | {}
INFO::2026-02-13T14:03:54.627Z: SIGTERM received. Starting graceful shutdown... | {"action":"graceful_shutdown"}
INFO::2026-02-13T14:03:54.788Z: HTTP server closed | {"action":"graceful_shutdown"}
INFO::2026-02-13T14:03:55.303Z: Database connection closed | {"action":"graceful_shutdown"}
INFO::2026-02-13T14:04:08.651Z: Prisma Info: Starting a postgresql pool with 5 connections. | {"action":"prisma_info"}
INFO::2026-02-13T14:04:09.048Z: Database connection established successfully | {"action":"server_startup"}
INFO::2026-02-13T14:04:09.076Z: Log cleanup job initialized | {"action":"server_startup"}
INFO::2026-02-13T14:04:09.084Z: Server running in development mode | {"action":"server_startup","meta":{"port":4003,"environment":"development"}}
INFO::2026-02-13T14:04:09.085Z: 🚀 Server ready at http://localhost:4003/api/v1 | {}
INFO::2026-02-13T14:04:09.085Z: 📚 API Documentation available at http://localhost:4003/api-docs | {}
INFO::2026-02-13T14:04:14.782Z: SIGTERM received. Starting graceful shutdown... | {"action":"graceful_shutdown"}
INFO::2026-02-13T14:04:14.804Z: HTTP server closed | {"action":"graceful_shutdown"}
INFO::2026-02-13T14:04:14.838Z: Database connection closed | {"action":"graceful_shutdown"}
INFO::2026-02-13T14:05:30.928Z: Prisma Info: Starting a postgresql pool with 5 connections. | {"action":"prisma_info"}
INFO::2026-02-13T14:05:31.307Z: Database connection established successfully | {"action":"server_startup"}
INFO::2026-02-13T14:05:31.347Z: Log cleanup job initialized | {"action":"server_startup"}
INFO::2026-02-13T14:05:31.360Z: Server running in development mode | {"action":"server_startup","meta":{"port":4003,"environment":"development"}}
INFO::2026-02-13T14:05:31.364Z: 🚀 Server ready at http://localhost:4003/api/v1 | {}
INFO::2026-02-13T14:05:31.366Z: 📚 API Documentation available at http://localhost:4003/api-docs | {}
INFO::2026-02-13T14:12:54.994Z: SIGTERM received. Starting graceful shutdown... | {"action":"graceful_shutdown"}
INFO::2026-02-13T14:12:55.017Z: HTTP server closed | {"action":"graceful_shutdown"}
INFO::2026-02-13T14:12:56.176Z: Database connection closed | {"action":"graceful_shutdown"}
INFO::2026-02-13T14:13:08.815Z: Prisma Info: Starting a postgresql pool with 5 connections. | {"action":"prisma_info"}
INFO::2026-02-13T14:13:08.920Z: Database connection established successfully | {"action":"server_startup"}
INFO::2026-02-13T14:13:09.002Z: Log cleanup job initialized | {"action":"server_startup"}
INFO::2026-02-13T14:13:09.028Z: Server running in development mode | {"action":"server_startup","meta":{"port":4003,"environment":"development"}}
INFO::2026-02-13T14:13:09.029Z: 🚀 Server ready at http://localhost:4003/api/v1 | {}
INFO::2026-02-13T14:13:09.029Z: 📚 API Documentation available at http://localhost:4003/api-docs | {}
INFO::2026-02-13T14:32:17.959Z: SIGTERM received. Starting graceful shutdown... | {"action":"graceful_shutdown"}
INFO::2026-02-13T14:32:19.077Z: HTTP server closed | {"action":"graceful_shutdown"}
INFO::2026-02-13T14:32:19.987Z: Database connection closed | {"action":"graceful_shutdown"}
INFO::2026-02-13T14:32:37.927Z: Prisma Info: Starting a postgresql pool with 5 connections. | {"action":"prisma_info"}
INFO::2026-02-13T14:32:38.299Z: Database connection established successfully | {"action":"server_startup"}
INFO::2026-02-13T14:32:38.419Z: Log cleanup job initialized | {"action":"server_startup"}
INFO::2026-02-13T14:32:38.440Z: Server running in development mode | {"action":"server_startup","meta":{"port":4003,"environment":"development"}}
INFO::2026-02-13T14:32:38.440Z: 🚀 Server ready at http://localhost:4003/api/v1 | {}
INFO::2026-02-13T14:32:38.443Z: 📚 API Documentation available at http://localhost:4003/api-docs | {}
INFO::2026-02-13T14:36:35.255Z: SIGTERM received. Starting graceful shutdown... | {"action":"graceful_shutdown"}
INFO::2026-02-13T14:36:35.325Z: HTTP server closed | {"action":"graceful_shutdown"}
INFO::2026-02-13T14:36:35.827Z: Database connection closed | {"action":"graceful_shutdown"}
INFO::2026-02-13T14:36:55.937Z: Prisma Info: Starting a postgresql pool with 5 connections. | {"action":"prisma_info"}
INFO::2026-02-13T14:36:56.163Z: Database connection established successfully | {"action":"server_startup"}
INFO::2026-02-13T14:36:56.210Z: Log cleanup job initialized | {"action":"server_startup"}
INFO::2026-02-13T14:36:56.218Z: Server running in development mode | {"action":"server_startup","meta":{"port":4003,"environment":"development"}}
INFO::2026-02-13T14:36:56.219Z: 🚀 Server ready at http://localhost:4003/api/v1 | {}
INFO::2026-02-13T14:36:56.219Z: 📚 API Documentation available at http://localhost:4003/api-docs | {}
INFO::2026-02-13T14:38:24.667Z: SIGTERM received. Starting graceful shutdown... | {"action":"graceful_shutdown"}
INFO::2026-02-13T14:38:24.688Z: HTTP server closed | {"action":"graceful_shutdown"}
INFO::2026-02-13T14:38:24.827Z: Database connection closed | {"action":"graceful_shutdown"}
INFO::2026-02-13T14:38:37.967Z: Prisma Info: Starting a postgresql pool with 5 connections. | {"action":"prisma_info"}
INFO::2026-02-13T14:38:38.061Z: Database connection established successfully | {"action":"server_startup"}
INFO::2026-02-13T14:38:38.100Z: Log cleanup job initialized | {"action":"server_startup"}
INFO::2026-02-13T14:38:38.107Z: Server running in development mode | {"action":"server_startup","meta":{"port":4003,"environment":"development"}}
INFO::2026-02-13T14:38:38.108Z: 🚀 Server ready at http://localhost:4003/api/v1 | {}
INFO::2026-02-13T14:38:38.108Z: 📚 API Documentation available at http://localhost:4003/api-docs | {}
INFO::2026-02-13T14:47:55.171Z: SIGTERM received. Starting graceful shutdown... | {"action":"graceful_shutdown"}
INFO::2026-02-13T14:47:55.226Z: HTTP server closed | {"action":"graceful_shutdown"}
INFO::2026-02-13T14:47:55.753Z: Database connection closed | {"action":"graceful_shutdown"}
INFO::2026-02-13T14:48:10.330Z: Prisma Info: Starting a postgresql pool with 5 connections. | {"action":"prisma_info"}
INFO::2026-02-13T14:48:10.564Z: Database connection established successfully | {"action":"server_startup"}
INFO::2026-02-13T14:48:10.592Z: Log cleanup job initialized | {"action":"server_startup"}
INFO::2026-02-13T14:48:10.599Z: Server running in development mode | {"action":"server_startup","meta":{"port":4003,"environment":"development"}}
INFO::2026-02-13T14:48:10.599Z: 🚀 Server ready at http://localhost:4003/api/v1 | {}
INFO::2026-02-13T14:48:10.600Z: 📚 API Documentation available at http://localhost:4003/api-docs | {}
INFO::2026-02-13T14:49:05.979Z: SIGTERM received. Starting graceful shutdown... | {"action":"graceful_shutdown"}
INFO::2026-02-13T14:49:05.995Z: HTTP server closed | {"action":"graceful_shutdown"}
INFO::2026-02-13T14:49:06.021Z: Database connection closed | {"action":"graceful_shutdown"}
INFO::2026-02-13T14:49:16.920Z: Prisma Info: Starting a postgresql pool with 5 connections. | {"action":"prisma_info"}
INFO::2026-02-13T14:49:16.985Z: Database connection established successfully | {"action":"server_startup"}
INFO::2026-02-13T14:49:17.021Z: Log cleanup job initialized | {"action":"server_startup"}
INFO::2026-02-13T14:49:17.029Z: Server running in development mode | {"action":"server_startup","meta":{"port":4003,"environment":"development"}}
INFO::2026-02-13T14:49:17.029Z: 🚀 Server ready at http://localhost:4003/api/v1 | {}
INFO::2026-02-13T14:49:17.029Z: 📚 API Documentation available at http://localhost:4003/api-docs | {}
INFO::2026-02-13T14:52:52.847Z: SIGTERM received. Starting graceful shutdown... | {"action":"graceful_shutdown"}
INFO::2026-02-13T14:52:53.162Z: HTTP server closed | {"action":"graceful_shutdown"}
INFO::2026-02-13T14:52:53.307Z: Database connection closed | {"action":"graceful_shutdown"}
INFO::2026-02-13T14:53:32.459Z: Prisma Info: Starting a postgresql pool with 5 connections. | {"action":"prisma_info"}
INFO::2026-02-13T14:53:32.747Z: Database connection established successfully | {"action":"server_startup"}
INFO::2026-02-13T14:53:32.784Z: Log cleanup job initialized | {"action":"server_startup"}
INFO::2026-02-13T14:53:32.793Z: Server running in development mode | {"action":"server_startup","meta":{"port":4003,"environment":"development"}}
INFO::2026-02-13T14:53:32.793Z: 🚀 Server ready at http://localhost:4003/api/v1 | {}
INFO::2026-02-13T14:53:32.794Z: 📚 API Documentation available at http://localhost:4003/api-docs | {}
INFO::2026-02-13T14:53:41.663Z: SIGTERM received. Starting graceful shutdown... | {"action":"graceful_shutdown"}
INFO::2026-02-13T14:53:41.671Z: HTTP server closed | {"action":"graceful_shutdown"}
INFO::2026-02-13T14:53:41.794Z: Database connection closed | {"action":"graceful_shutdown"}
INFO::2026-02-13T14:53:58.739Z: Prisma Info: Starting a postgresql pool with 5 connections. | {"action":"prisma_info"}
INFO::2026-02-13T14:53:58.842Z: Database connection established successfully | {"action":"server_startup"}
INFO::2026-02-13T14:53:58.880Z: Log cleanup job initialized | {"action":"server_startup"}
INFO::2026-02-13T14:53:58.888Z: Server running in development mode | {"action":"server_startup","meta":{"port":4003,"environment":"development"}}
INFO::2026-02-13T14:53:58.888Z: 🚀 Server ready at http://localhost:4003/api/v1 | {}
INFO::2026-02-13T14:53:58.889Z: 📚 API Documentation available at http://localhost:4003/api-docs | {}
INFO::2026-02-13T15:14:30.459Z: SIGINT received. Starting graceful shutdown... | {"action":"graceful_shutdown"}
INFO::2026-02-13T15:14:30.849Z: HTTP server closed | {"action":"graceful_shutdown"}
INFO::2026-02-13T15:14:31.141Z: SIGINT received. Starting graceful shutdown... | {"action":"graceful_shutdown"}
INFO::2026-02-13T15:14:31.285Z: HTTP server closed | {"action":"graceful_shutdown"}
INFO::2026-02-13T15:14:31.426Z: Database connection closed | {"action":"graceful_shutdown"}
INFO::2026-02-16T07:38:29.784Z: Prisma Info: Starting a postgresql pool with 5 connections. | {"action":"prisma_info"}
INFO::2026-02-16T07:38:30.602Z: Database connection established successfully | {"action":"server_startup"}
INFO::2026-02-16T07:38:30.635Z: Log cleanup job initialized | {"action":"server_startup"}
INFO::2026-02-16T07:38:30.666Z: Server running in development mode | {"action":"server_startup","meta":{"port":4003,"environment":"development"}}
INFO::2026-02-16T07:38:30.667Z: 🚀 Server ready at http://localhost:4003/api/v1 | {}
INFO::2026-02-16T07:38:30.667Z: 📚 API Documentation available at http://localhost:4003/api-docs | {}
INFO::2026-02-16T07:46:02.083Z: SIGTERM received. Starting graceful shutdown... | {"action":"graceful_shutdown"}
INFO::2026-02-16T07:46:02.108Z: HTTP server closed | {"action":"graceful_shutdown"}
INFO::2026-02-16T07:46:02.432Z: Database connection closed | {"action":"graceful_shutdown"}
INFO::2026-02-16T07:46:12.396Z: Prisma Info: Starting a postgresql pool with 5 connections. | {"action":"prisma_info"}
INFO::2026-02-16T07:46:12.632Z: Database connection established successfully | {"action":"server_startup"}
INFO::2026-02-16T08:02:38.545Z: SIGTERM received. Starting graceful shutdown... | {"action":"graceful_shutdown"}
INFO::2026-02-16T08:02:38.548Z: HTTP server closed | {"action":"graceful_shutdown"}
INFO::2026-02-16T08:02:38.684Z: Database connection closed | {"action":"graceful_shutdown"}
INFO::2026-02-16T08:02:48.827Z: Prisma Info: Starting a postgresql pool with 5 connections. | {"action":"prisma_info"}
INFO::2026-02-16T08:02:48.926Z: Database connection established successfully | {"action":"server_startup"}
INFO::2026-02-16T08:02:48.951Z: Log cleanup job initialized | {"action":"server_startup"}
INFO::2026-02-16T08:02:48.958Z: Server running in development mode | {"action":"server_startup","meta":{"port":4003,"environment":"development"}}
INFO::2026-02-16T08:02:48.958Z: 🚀 Server ready at http://localhost:4003/api/v1 | {}
INFO::2026-02-16T08:02:48.959Z: 📚 API Documentation available at http://localhost:4003/api-docs | {}
ERROR::2026-02-16T08:06:43.977Z: Error: Route POST /api/v1/seller/apply not found | {"action":"error_handler"}
ERROR::2026-02-16T08:06:43.979Z: Route POST /api/v1/seller/apply not found | {}
INFO::2026-02-16T08:08:53.691Z: SIGTERM received. Starting graceful shutdown... | {"action":"graceful_shutdown"}
INFO::2026-02-16T08:08:53.693Z: HTTP server closed | {"action":"graceful_shutdown"}
INFO::2026-02-16T08:08:53.831Z: Database connection closed | {"action":"graceful_shutdown"}
INFO::2026-02-16T08:09:03.194Z: Prisma Info: Starting a postgresql pool with 5 connections. | {"action":"prisma_info"}
INFO::2026-02-16T08:09:03.269Z: Database connection established successfully | {"action":"server_startup"}
INFO::2026-02-16T08:09:03.301Z: Log cleanup job initialized | {"action":"server_startup"}
INFO::2026-02-16T08:09:03.315Z: Server running in development mode | {"action":"server_startup","meta":{"port":4003,"environment":"development"}}
INFO::2026-02-16T08:09:03.320Z: 🚀 Server ready at http://localhost:4003/api/v1 | {}
INFO::2026-02-16T08:09:03.320Z: 📚 API Documentation available at http://localhost:4003/api-docs | {}
ERROR::2026-02-16T08:09:12.787Z: Error: Route POST /api/v1/seller/apply not found | {"action":"error_handler"}
ERROR::2026-02-16T08:09:12.791Z: Route POST /api/v1/seller/apply not found | {}
ERROR::2026-02-16T08:11:15.536Z: Error: Access token is required | {"action":"error_handler"}
ERROR::2026-02-16T08:11:15.542Z: Access token is required | {}
INFO::2026-02-16T08:18:00.384Z: SIGTERM received. Starting graceful shutdown... | {"action":"graceful_shutdown"}
INFO::2026-02-16T08:18:00.514Z: HTTP server closed | {"action":"graceful_shutdown"}
INFO::2026-02-16T08:18:00.548Z: Database connection closed | {"action":"graceful_shutdown"}
INFO::2026-02-16T08:18:15.683Z: Prisma Info: Starting a postgresql pool with 5 connections. | {"action":"prisma_info"}
INFO::2026-02-16T08:18:15.782Z: Database connection established successfully | {"action":"server_startup"}
INFO::2026-02-16T08:18:15.827Z: Log cleanup job initialized | {"action":"server_startup"}
INFO::2026-02-16T08:18:15.838Z: Server running in development mode | {"action":"server_startup","meta":{"port":4003,"environment":"development"}}
INFO::2026-02-16T08:18:15.839Z: 🚀 Server ready at http://localhost:4003/api/v1 | {}
INFO::2026-02-16T08:18:15.841Z: 📚 API Documentation available at http://localhost:4003/api-docs | {}
INFO::2026-02-16T08:19:18.069Z: SIGTERM received. Starting graceful shutdown... | {"action":"graceful_shutdown"}
INFO::2026-02-16T08:19:18.071Z: HTTP server closed | {"action":"graceful_shutdown"}
INFO::2026-02-16T08:19:25.696Z: Prisma Info: Starting a postgresql pool with 5 connections. | {"action":"prisma_info"}
INFO::2026-02-16T08:19:25.788Z: Database connection established successfully | {"action":"server_startup"}
INFO::2026-02-16T08:19:25.810Z: Log cleanup job initialized | {"action":"server_startup"}
INFO::2026-02-16T08:19:25.823Z: Server running in development mode | {"action":"server_startup","meta":{"port":4003,"environment":"development"}}
INFO::2026-02-16T08:19:25.823Z: 🚀 Server ready at http://localhost:4003/api/v1 | {}
INFO::2026-02-16T08:19:25.824Z: 📚 API Documentation available at http://localhost:4003/api-docs | {}
INFO::2026-02-16T08:20:56.267Z: Prisma Info: Starting a postgresql pool with 5 connections. | {"action":"prisma_info"}
INFO::2026-02-16T08:20:56.416Z: Database connection established successfully | {"action":"server_startup"}
INFO::2026-02-16T08:20:56.445Z: Log cleanup job initialized | {"action":"server_startup"}
INFO::2026-02-16T08:20:56.517Z: Server running in development mode | {"action":"server_startup","meta":{"port":4003,"environment":"development"}}
INFO::2026-02-16T08:20:56.519Z: 🚀 Server ready at http://localhost:4003/api/v1 | {}
INFO::2026-02-16T08:20:56.521Z: 📚 API Documentation available at http://localhost:4003/api-docs | {}
INFO::2026-02-16T08:24:29.101Z: SIGINT received. Starting graceful shutdown... | {"action":"graceful_shutdown"}
INFO::2026-02-16T08:24:29.111Z: HTTP server closed | {"action":"graceful_shutdown"}
INFO::2026-02-16T08:24:29.114Z: SIGINT received. Starting graceful shutdown... | {"action":"graceful_shutdown"}
INFO::2026-02-16T08:24:29.115Z: HTTP server closed | {"action":"graceful_shutdown"}
INFO::2026-02-16T08:24:29.227Z: Database connection closed | {"action":"graceful_shutdown"}
INFO::2026-02-16T08:27:46.275Z: Prisma Info: Starting a postgresql pool with 5 connections. | {"action":"prisma_info"}
INFO::2026-02-16T08:27:46.799Z: Database connection established successfully | {"action":"server_startup"}
INFO::2026-02-16T08:31:12.481Z: SIGTERM received. Starting graceful shutdown... | {"action":"graceful_shutdown"}
INFO::2026-02-16T08:31:20.789Z: Prisma Info: Starting a postgresql pool with 5 connections. | {"action":"prisma_info"}
INFO::2026-02-16T08:31:20.902Z: Database connection established successfully | {"action":"server_startup"}
INFO::2026-02-16T08:31:20.931Z: Log cleanup job initialized | {"action":"server_startup"}
INFO::2026-02-16T08:31:20.945Z: Server running in development mode | {"action":"server_startup","meta":{"port":4003,"environment":"development"}}
INFO::2026-02-16T08:31:20.946Z: 🚀 Server ready at http://localhost:4003/api/v1 | {}
INFO::2026-02-16T08:31:20.947Z: 📚 API Documentation available at http://localhost:4003/api-docs | {}
INFO::2026-02-16T08:38:55.903Z: Prisma Info: Starting a postgresql pool with 5 connections. | {"action":"prisma_info"}
INFO::2026-02-16T08:38:56.658Z: Database connection established successfully | {"action":"server_startup"}
INFO::2026-02-16T08:38:56.714Z: Log cleanup job initialized | {"action":"server_startup"}
INFO::2026-02-16T08:38:56.722Z: Server running in development mode | {"action":"server_startup","meta":{"port":4003,"environment":"development"}}
INFO::2026-02-16T08:38:56.722Z: 🚀 Server ready at http://localhost:4003/api/v1 | {}
INFO::2026-02-16T08:38:56.723Z: 📚 API Documentation available at http://localhost:4003/api-docs | {}
INFO::2026-02-16T08:52:16.258Z: SIGTERM received. Starting graceful shutdown... | {"action":"graceful_shutdown"}
INFO::2026-02-16T08:52:16.262Z: HTTP server closed | {"action":"graceful_shutdown"}
INFO::2026-02-16T08:52:16.802Z: Database connection closed | {"action":"graceful_shutdown"}
INFO::2026-02-16T08:52:29.128Z: Prisma Info: Starting a postgresql pool with 5 connections. | {"action":"prisma_info"}
INFO::2026-02-16T08:52:29.404Z: Database connection established successfully | {"action":"server_startup"}
INFO::2026-02-16T08:52:29.431Z: Log cleanup job initialized | {"action":"server_startup"}
INFO::2026-02-16T08:52:29.448Z: Server running in development mode | {"action":"server_startup","meta":{"port":4003,"environment":"development"}}
INFO::2026-02-16T08:52:29.450Z: 🚀 Server ready at http://localhost:4003/api/v1 | {}
INFO::2026-02-16T08:52:29.451Z: 📚 API Documentation available at http://localhost:4003/api-docs | {}
INFO::2026-02-16T08:53:32.266Z: SIGTERM received. Starting graceful shutdown... | {"action":"graceful_shutdown"}
INFO::2026-02-16T08:53:32.270Z: HTTP server closed | {"action":"graceful_shutdown"}
INFO::2026-02-16T08:53:41.379Z: Prisma Info: Starting a postgresql pool with 5 connections. | {"action":"prisma_info"}
INFO::2026-02-16T08:53:41.519Z: Database connection established successfully | {"action":"server_startup"}
INFO::2026-02-16T08:53:41.543Z: Log cleanup job initialized | {"action":"server_startup"}
INFO::2026-02-16T08:53:41.555Z: Server running in development mode | {"action":"server_startup","meta":{"port":4003,"environment":"development"}}
INFO::2026-02-16T08:53:41.555Z: 🚀 Server ready at http://localhost:4003/api/v1 | {}
INFO::2026-02-16T08:53:41.556Z: 📚 API Documentation available at http://localhost:4003/api-docs | {}
INFO::2026-02-16T08:54:55.348Z: SIGTERM received. Starting graceful shutdown... | {"action":"graceful_shutdown"}
INFO::2026-02-16T08:55:05.877Z: Prisma Info: Starting a postgresql pool with 5 connections. | {"action":"prisma_info"}
INFO::2026-02-16T08:55:05.990Z: Database connection established successfully | {"action":"server_startup"}
INFO::2026-02-16T08:55:06.009Z: Log cleanup job initialized | {"action":"server_startup"}
INFO::2026-02-16T08:55:06.016Z: Server running in development mode | {"action":"server_startup","meta":{"port":4003,"environment":"development"}}
INFO::2026-02-16T08:55:06.016Z: 🚀 Server ready at http://localhost:4003/api/v1 | {}
INFO::2026-02-16T08:55:06.017Z: 📚 API Documentation available at http://localhost:4003/api-docs | {}
ERROR::2026-02-16T08:56:36.888Z: Error: Validation failed | {"action":"error_handler"}
ERROR::2026-02-16T08:56:36.890Z: Validation failed | {}
INFO::2026-02-16T09:00:09.360Z: SIGINT received. Starting graceful shutdown... | {"action":"graceful_shutdown"}
INFO::2026-02-16T09:00:09.370Z: HTTP server closed | {"action":"graceful_shutdown"}
INFO::2026-02-16T09:00:09.372Z: SIGINT received. Starting graceful shutdown... | {"action":"graceful_shutdown"}
INFO::2026-02-16T09:00:09.378Z: HTTP server closed | {"action":"graceful_shutdown"}
INFO::2026-02-16T09:00:09.402Z: Database connection closed | {"action":"graceful_shutdown"}
INFO::2026-02-16T09:01:05.584Z: Prisma Info: Starting a postgresql pool with 5 connections. | {"action":"prisma_info"}
INFO::2026-02-16T09:01:05.697Z: Database connection established successfully | {"action":"server_startup"}
INFO::2026-02-16T09:01:05.724Z: Log cleanup job initialized | {"action":"server_startup"}
INFO::2026-02-16T09:01:05.732Z: Server running in development mode | {"action":"server_startup","meta":{"port":4003,"environment":"development"}}
INFO::2026-02-16T09:01:05.732Z: 🚀 Server ready at http://localhost:4003/api/v1 | {}
INFO::2026-02-16T09:01:05.733Z: 📚 API Documentation available at http://localhost:4003/api-docs | {}
INFO::2026-02-16T09:02:52.764Z: SIGTERM received. Starting graceful shutdown... | {"action":"graceful_shutdown"}
INFO::2026-02-16T09:02:52.770Z: HTTP server closed | {"action":"graceful_shutdown"}
INFO::2026-02-16T09:02:52.789Z: Database connection closed | {"action":"graceful_shutdown"}
INFO::2026-02-16T09:02:59.443Z: Prisma Info: Starting a postgresql pool with 5 connections. | {"action":"prisma_info"}
INFO::2026-02-16T09:02:59.510Z: Database connection established successfully | {"action":"server_startup"}
INFO::2026-02-16T09:02:59.570Z: Log cleanup job initialized | {"action":"server_startup"}
INFO::2026-02-16T09:02:59.586Z: Server running in development mode | {"action":"server_startup","meta":{"port":4003,"environment":"development"}}
INFO::2026-02-16T09:02:59.587Z: 🚀 Server ready at http://localhost:4003/api/v1 | {}
INFO::2026-02-16T09:02:59.587Z: 📚 API Documentation available at http://localhost:4003/api-docs | {}
ERROR::2026-02-16T09:30:48.524Z: Failed to send verification email to dushime515@gmail.com: Greeting never received | {}
WARN::2026-02-16T09:30:48.527Z: Failed to send verification email | {"action":"Please try again later or contact support","meta":{"email":"dushime515@gmail.com","operation":"sendVerificationEmail"}}
ERROR::2026-02-16T09:30:48.559Z: Error: Failed to send verification email | {"action":"error_handler"}
ERROR::2026-02-16T09:30:48.563Z: Failed to send verification email | {}
INFO::2026-02-16T09:31:40.533Z: Email verified for: dushime515@gmail.com | {}
INFO::2026-02-16T09:31:40.547Z: Email verified successfully | {}
INFO::2026-02-16T09:33:05.389Z: User logged in: dushime515@gmail.com | {}
INFO::2026-02-16T09:33:05.390Z: Login successful | {}
ERROR::2026-02-16T09:35:46.406Z: Error: Validation failed | {"action":"error_handler"}
ERROR::2026-02-16T09:35:46.409Z: Validation failed | {}
ERROR::2026-02-16T09:54:32.602Z: Failed to upload file to R2 read ETIMEDOUT | {}
WARN::2026-02-16T09:54:32.773Z: Failed to generate avatar: Failed to generate avatar | {}
ERROR::2026-02-16T09:55:08.640Z: Failed to send verification email to dushime515@gmail.com: Greeting never received | {}
WARN::2026-02-16T09:55:08.642Z: Failed to send verification email | {"action":"Please try again later or contact support","meta":{"email":"dushime515@gmail.com","operation":"sendVerificationEmail"}}
ERROR::2026-02-16T09:55:08.645Z: Error: Failed to send verification email | {"action":"error_handler"}
ERROR::2026-02-16T09:55:08.646Z: Failed to send verification email | {}
ERROR::2026-02-16T10:42:42.366Z: Error: Validation failed | {"action":"error_handler"}
ERROR::2026-02-16T10:42:44.038Z: Validation failed | {}
INFO::2026-02-16T20:14:42.955Z: Prisma Info: Starting a postgresql pool with 5 connections. | {"action":"prisma_info"}
INFO::2026-02-16T20:14:44.118Z: Database connection established successfully | {"action":"server_startup"}
INFO::2026-02-16T20:14:44.157Z: Log cleanup job initialized | {"action":"server_startup"}
INFO::2026-02-16T20:14:44.197Z: Server running in development mode | {"action":"server_startup","meta":{"port":4003,"environment":"development"}}
INFO::2026-02-16T20:14:44.198Z: 🚀 Server ready at http://localhost:4003/api/v1 | {}
INFO::2026-02-16T20:14:44.199Z: 📚 API Documentation available at http://localhost:4003/api-docs | {}
INFO::2026-02-16T20:18:22.621Z: Prisma Info: Starting a postgresql pool with 5 connections. | {"action":"prisma_info"}
INFO::2026-02-16T20:18:22.930Z: Database connection established successfully | {"action":"server_startup"}
INFO::2026-02-16T20:18:22.958Z: Log cleanup job initialized | {"action":"server_startup"}
INFO::2026-02-16T20:18:22.968Z: Server running in development mode | {"action":"server_startup","meta":{"port":4003,"environment":"development"}}
INFO::2026-02-16T20:18:22.970Z: 🚀 Server ready at http://localhost:4003/api/v1 | {}
INFO::2026-02-16T20:18:22.970Z: 📚 API Documentation available at http://localhost:4003/api-docs | {}
ERROR::2026-02-16T20:19:58.677Z: Error: Invalid email or password | {"action":"error_handler"}
ERROR::2026-02-16T20:19:58.682Z: Invalid email or password | {}
INFO::2026-02-16T20:20:13.824Z: User logged in: dushime515@gmail.com | {}
INFO::2026-02-16T20:20:13.826Z: Login successful | {}
ERROR::2026-02-16T20:21:17.966Z: Error: Validation failed | {"action":"error_handler"}
ERROR::2026-02-16T20:21:17.973Z: Validation failed | {}
ERROR::2026-02-16T20:22:25.067Z: Error: Unexpected field | {"action":"error_handler"}
ERROR::2026-02-16T20:22:25.074Z: Unexpected field | {}
INFO::2026-02-17T10:07:41.164Z: Prisma Info: Starting a postgresql pool with 5 connections. | {"action":"prisma_info"}
INFO::2026-02-17T10:07:42.550Z: Database connection established successfully | {"action":"server_startup"}
INFO::2026-02-17T10:07:42.596Z: Log cleanup job initialized | {"action":"server_startup"}
INFO::2026-02-17T10:07:42.605Z: Server running in development mode | {"action":"server_startup","meta":{"port":4003,"environment":"development"}}
INFO::2026-02-17T10:07:42.609Z: 🚀 Server ready at http://localhost:4003/api/v1 | {}
INFO::2026-02-17T10:07:42.611Z: 📚 API Documentation available at http://localhost:4003/api-docs | {}
ERROR::2026-02-17T10:09:37.692Z: Failed to upload file to R2 getaddrinfo EAI_AGAIN ecuruza.d4e8e449dfaad99a761e931fc2ac7961.r2.cloudflarestorage.com | {}
WARN::2026-02-17T10:09:37.722Z: Failed to generate avatar: Failed to generate avatar | {}
ERROR::2026-02-17T10:09:38.104Z: Failed to send verification email to dushim515@gmail.com: getaddrinfo EAI_AGAIN smtp.gmail.com | {}
WARN::2026-02-17T10:09:38.108Z: Failed to send verification email | {"action":"Please try again later or contact support","meta":{"email":"dushim515@gmail.com","operation":"sendVerificationEmail"}}
ERROR::2026-02-17T10:09:38.112Z: Error: Failed to send verification email | {"action":"error_handler"}
ERROR::2026-02-17T10:09:38.113Z: Failed to send verification email | {}
INFO::2026-02-17T10:13:06.365Z: Email verified for: dushim515@gmail.com | {}
INFO::2026-02-17T10:13:06.367Z: Email verified successfully | {}
INFO::2026-02-17T10:13:44.072Z: User logged in: dushim515@gmail.com | {}
INFO::2026-02-17T10:13:44.073Z: Login successful | {}
INFO::2026-02-17T10:14:17.167Z: Applications retrieved successfully | {"action":"paginated"}
INFO::2026-02-17T10:14:54.847Z: Users retrieved successfully | {"action":"paginated"}
INFO::2026-02-17T10:16:33.476Z: Users retrieved successfully | {"action":"paginated"}
INFO::2026-02-17T10:17:01.719Z: Users retrieved successfully | {"action":"paginated"}
INFO::2026-02-17T10:17:25.173Z: Users retrieved successfully | {"action":"paginated"}
INFO::2026-02-17T10:17:35.332Z: Users retrieved successfully | {"action":"paginated"}
INFO::2026-02-17T10:17:55.849Z: Users retrieved successfully | {"action":"paginated"}
INFO::2026-02-17T10:18:05.334Z: Users retrieved successfully | {"action":"paginated"}
INFO::2026-02-17T10:18:28.894Z: Users retrieved successfully | {"action":"paginated"}
INFO::2026-02-17T10:18:52.333Z: Users retrieved successfully | {"action":"paginated"}
INFO::2026-02-17T10:19:04.102Z: Users retrieved successfully | {"action":"paginated"}
INFO::2026-02-17T10:19:35.056Z: Users retrieved successfully | {"action":"paginated"}
INFO::2026-02-17T10:23:23.287Z: Orders retrieved successfully | {"action":"paginated"}
ERROR::2026-02-17T10:23:51.228Z: Error: You must be a registered seller | {"action":"error_handler"}
ERROR::2026-02-17T10:23:51.228Z: You must be a registered seller | {}
INFO::2026-02-17T10:25:01.794Z: User logged in: dushime515@gmail.com | {}
INFO::2026-02-17T10:25:01.798Z: Login successful | {}
ERROR::2026-02-17T10:28:09.244Z: Error: Unexpected field | {"action":"error_handler"}
ERROR::2026-02-17T10:28:09.348Z: Unexpected field | {}
INFO::2026-02-17T10:30:04.660Z: SIGTERM received. Starting graceful shutdown... | {"action":"graceful_shutdown"}
INFO::2026-02-17T10:30:20.137Z: Prisma Info: Starting a postgresql pool with 5 connections. | {"action":"prisma_info"}
INFO::2026-02-17T10:30:20.633Z: Database connection established successfully | {"action":"server_startup"}
INFO::2026-02-17T10:30:20.684Z: Log cleanup job initialized | {"action":"server_startup"}
INFO::2026-02-17T10:30:20.692Z: Server running in development mode | {"action":"server_startup","meta":{"port":4003,"environment":"development"}}
INFO::2026-02-17T10:30:20.694Z: 🚀 Server ready at http://localhost:4003/api/v1 | {}
INFO::2026-02-17T10:30:20.695Z: 📚 API Documentation available at http://localhost:4003/api-docs | {}
INFO::2026-02-17T10:37:47.090Z: SIGTERM received. Starting graceful shutdown... | {"action":"graceful_shutdown"}
INFO::2026-02-17T10:37:47.410Z: HTTP server closed | {"action":"graceful_shutdown"}
INFO::2026-02-17T10:37:47.770Z: Database connection closed | {"action":"graceful_shutdown"}
INFO::2026-02-17T10:38:00.262Z: Prisma Info: Starting a postgresql pool with 5 connections. | {"action":"prisma_info"}
INFO::2026-02-17T10:38:00.673Z: Database connection established successfully | {"action":"server_startup"}
INFO::2026-02-17T10:38:00.715Z: Log cleanup job initialized | {"action":"server_startup"}
INFO::2026-02-17T10:38:00.724Z: Server running in development mode | {"action":"server_startup","meta":{"port":4003,"environment":"development"}}
INFO::2026-02-17T10:38:00.726Z: 🚀 Server ready at http://localhost:4003/api/v1 | {}
INFO::2026-02-17T10:38:00.727Z: 📚 API Documentation available at http://localhost:4003/api-docs | {}
INFO::2026-02-17T10:38:25.116Z: SIGTERM received. Starting graceful shutdown... | {"action":"graceful_shutdown"}
INFO::2026-02-17T10:38:25.125Z: HTTP server closed | {"action":"graceful_shutdown"}
INFO::2026-02-17T10:38:25.145Z: Database connection closed | {"action":"graceful_shutdown"}
INFO::2026-02-17T10:38:48.760Z: Prisma Info: Starting a postgresql pool with 5 connections. | {"action":"prisma_info"}
INFO::2026-02-17T10:38:49.414Z: Database connection established successfully | {"action":"server_startup"}
INFO::2026-02-17T10:38:49.450Z: Log cleanup job initialized | {"action":"server_startup"}
INFO::2026-02-17T10:38:49.459Z: Server running in development mode | {"action":"server_startup","meta":{"port":4003,"environment":"development"}}
INFO::2026-02-17T10:38:49.461Z: 🚀 Server ready at http://localhost:4003/api/v1 | {}
INFO::2026-02-17T10:38:49.462Z: 📚 API Documentation available at http://localhost:4003/api-docs | {}
ERROR::2026-02-17T10:40:26.286Z: Error: Access token is required | {"action":"error_handler"}
ERROR::2026-02-17T10:40:26.296Z: Access token is required | {}
INFO::2026-02-17T10:43:38.734Z: User logged in: dushime515@gmail.com | {}
INFO::2026-02-17T10:43:38.736Z: Login successful | {}
ERROR::2026-02-17T10:47:20.200Z: Error: Validation failed | {"action":"error_handler"}
ERROR::2026-02-17T10:47:20.203Z: Validation failed | {}
ERROR::2026-02-17T10:48:02.763Z: Error: Unexpected field | {"action":"error_handler"}
ERROR::2026-02-17T10:48:02.765Z: Unexpected field | {}
INFO::2026-02-17T10:53:10.691Z: SIGTERM received. Starting graceful shutdown... | {"action":"graceful_shutdown"}
INFO::2026-02-17T10:57:07.494Z: Prisma Info: Starting a postgresql pool with 5 connections. | {"action":"prisma_info"}
INFO::2026-02-17T10:57:08.236Z: Database connection established successfully | {"action":"server_startup"}
INFO::2026-02-17T10:57:08.282Z: Log cleanup job initialized | {"action":"server_startup"}
INFO::2026-02-17T10:57:08.291Z: Server running in development mode | {"action":"server_startup","meta":{"port":4003,"environment":"development"}}
INFO::2026-02-17T10:57:08.292Z: 🚀 Server ready at http://localhost:4003/api/v1 | {}
INFO::2026-02-17T10:57:08.293Z: 📚 API Documentation available at http://localhost:4003/api-docs | {}
INFO::2026-02-17T10:58:58.455Z: User logged in: dushime515@gmail.com | {}
INFO::2026-02-17T10:58:58.457Z: Login successful | {}
ERROR::2026-02-17T11:00:02.902Z: Error: Unexpected field | {"action":"error_handler"}
ERROR::2026-02-17T11:00:02.903Z: Unexpected field | {}
INFO::2026-02-17T11:02:35.342Z: SIGTERM received. Starting graceful shutdown... | {"action":"graceful_shutdown"}
INFO::2026-02-17T11:02:36.136Z: HTTP server closed | {"action":"graceful_shutdown"}
INFO::2026-02-17T11:02:36.918Z: Database connection closed | {"action":"graceful_shutdown"}
INFO::2026-02-17T11:03:11.068Z: Prisma Info: Starting a postgresql pool with 5 connections. | {"action":"prisma_info"}
INFO::2026-02-17T11:03:11.222Z: Database connection established successfully | {"action":"server_startup"}
INFO::2026-02-17T11:03:11.261Z: Log cleanup job initialized | {"action":"server_startup"}
INFO::2026-02-17T11:03:11.271Z: Server running in development mode | {"action":"server_startup","meta":{"port":4003,"environment":"development"}}
INFO::2026-02-17T11:03:11.272Z: 🚀 Server ready at http://localhost:4003/api/v1 | {}
INFO::2026-02-17T11:03:11.272Z: 📚 API Documentation available at http://localhost:4003/api-docs | {}
ERROR::2026-02-17T11:03:22.087Z: Error: Unexpected field | {"action":"error_handler"}
ERROR::2026-02-17T11:03:22.089Z: Unexpected field | {}
ERROR::2026-02-17T11:04:04.588Z: Error: Access token is required | {"action":"error_handler"}
ERROR::2026-02-17T11:04:04.589Z: Access token is required | {}
INFO::2026-02-17T11:04:37.646Z: User logged in: dushime515@gmail.com | {}
INFO::2026-02-17T11:04:37.648Z: Login successful | {}
ERROR::2026-02-17T11:05:05.105Z: Error: Unexpected field | {"action":"error_handler"}
ERROR::2026-02-17T11:05:05.106Z: Unexpected field | {}
INFO::2026-02-17T11:08:55.137Z: SIGTERM received. Starting graceful shutdown... | {"action":"graceful_shutdown"}
INFO::2026-02-17T11:08:55.230Z: HTTP server closed | {"action":"graceful_shutdown"}
INFO::2026-02-17T11:08:55.730Z: Database connection closed | {"action":"graceful_shutdown"}
INFO::2026-02-17T11:09:10.564Z: Prisma Info: Starting a postgresql pool with 5 connections. | {"action":"prisma_info"}
INFO::2026-02-17T11:09:10.850Z: Database connection established successfully | {"action":"server_startup"}
INFO::2026-02-17T11:09:10.871Z: Log cleanup job initialized | {"action":"server_startup"}
INFO::2026-02-17T11:09:10.879Z: Server running in development mode | {"action":"server_startup","meta":{"port":4003,"environment":"development"}}
INFO::2026-02-17T11:09:10.880Z: 🚀 Server ready at http://localhost:4003/api/v1 | {}
INFO::2026-02-17T11:09:10.880Z: 📚 API Documentation available at http://localhost:4003/api-docs | {}
ERROR::2026-02-17T11:09:19.042Z: Error: Unexpected field | {"action":"error_handler"}
ERROR::2026-02-17T11:09:19.044Z: Unexpected field | {}
ERROR::2026-02-17T11:10:47.214Z: Error: Unexpected field | {"action":"error_handler"}
ERROR::2026-02-17T11:10:47.219Z: Unexpected field | {}
INFO::2026-02-17T11:11:57.958Z: SIGTERM received. Starting graceful shutdown... | {"action":"graceful_shutdown"}
INFO::2026-02-17T11:12:36.012Z: Prisma Info: Starting a postgresql pool with 5 connections. | {"action":"prisma_info"}
INFO::2026-02-17T11:12:36.705Z: Database connection established successfully | {"action":"server_startup"}
INFO::2026-02-17T11:12:36.733Z: Log cleanup job initialized | {"action":"server_startup"}
INFO::2026-02-17T11:12:36.741Z: Server running in development mode | {"action":"server_startup","meta":{"port":4003,"environment":"development"}}
INFO::2026-02-17T11:12:36.741Z: 🚀 Server ready at http://localhost:4003/api/v1 | {}
INFO::2026-02-17T11:12:36.742Z: 📚 API Documentation available at http://localhost:4003/api-docs | {}
INFO::2026-02-17T11:12:43.645Z: SIGTERM received. Starting graceful shutdown... | {"action":"graceful_shutdown"}
INFO::2026-02-17T11:12:43.650Z: HTTP server closed | {"action":"graceful_shutdown"}
INFO::2026-02-17T11:12:43.668Z: Database connection closed | {"action":"graceful_shutdown"}
INFO::2026-02-17T11:12:57.240Z: Prisma Info: Starting a postgresql pool with 5 connections. | {"action":"prisma_info"}
INFO::2026-02-17T11:12:57.302Z: Database connection established successfully | {"action":"server_startup"}
INFO::2026-02-17T11:12:57.333Z: Log cleanup job initialized | {"action":"server_startup"}
INFO::2026-02-17T11:12:57.348Z: Server running in development mode | {"action":"server_startup","meta":{"port":4003,"environment":"development"}}
INFO::2026-02-17T11:12:57.349Z: 🚀 Server ready at http://localhost:4003/api/v1 | {}
INFO::2026-02-17T11:12:57.349Z: 📚 API Documentation available at http://localhost:4003/api-docs | {}
INFO::2026-02-17T11:28:14.849Z: SIGTERM received. Starting graceful shutdown... | {"action":"graceful_shutdown"}
INFO::2026-02-17T11:28:14.870Z: HTTP server closed | {"action":"graceful_shutdown"}
INFO::2026-02-17T11:28:14.899Z: Database connection closed | {"action":"graceful_shutdown"}
INFO::2026-02-17T11:28:33.484Z: Prisma Info: Starting a postgresql pool with 5 connections. | {"action":"prisma_info"}
INFO::2026-02-17T11:28:33.591Z: Database connection established successfully | {"action":"server_startup"}
INFO::2026-02-17T11:28:33.613Z: Log cleanup job initialized | {"action":"server_startup"}
INFO::2026-02-17T11:28:33.627Z: Server running in development mode | {"action":"server_startup","meta":{"port":4003,"environment":"development"}}
INFO::2026-02-17T11:28:33.627Z: 🚀 Server ready at http://localhost:4003/api/v1 | {}
INFO::2026-02-17T11:28:33.628Z: 📚 API Documentation available at http://localhost:4003/api-docs | {}
INFO::2026-02-17T11:44:38.874Z: Application retrieved | {}
INFO::2026-02-17T11:46:10.029Z: Business info updated for seller: deee11fe-e49a-41fc-8329-07c54b9646b7 | {}
INFO::2026-02-17T11:46:10.030Z: Business info updated successfully | {}
INFO::2026-02-17T11:46:31.986Z: Application retrieved | {}
INFO::2026-02-17T11:46:54.298Z: Business info retrieved | {}
INFO::2026-02-17T11:47:27.240Z: Seller profile retrieved | {}
WARN::2026-02-17T11:48:02.264Z: Unauthorized access attempt by user deee11fe-e49a-41fc-8329-07c54b9646b7 with role SELLER | {}
ERROR::2026-02-17T11:48:02.577Z: Error: You do not have permission to access this resource | {"action":"error_handler"}
ERROR::2026-02-17T11:48:02.598Z: You do not have permission to access this resource | {}
WARN::2026-02-17T11:48:21.571Z: Unauthorized access attempt by user deee11fe-e49a-41fc-8329-07c54b9646b7 with role SELLER | {}
ERROR::2026-02-17T11:48:21.604Z: Error: You do not have permission to access this resource | {"action":"error_handler"}
ERROR::2026-02-17T11:48:21.611Z: You do not have permission to access this resource | {}
INFO::2026-02-17T11:48:47.872Z: User logged in: dushim515@gmail.com | {}
INFO::2026-02-17T11:48:47.872Z: Login successful | {}
INFO::2026-02-17T11:49:18.087Z: Applications retrieved successfully | {"action":"paginated"}
INFO::2026-02-19T00:38:10.286Z: Prisma Info: Starting a postgresql pool with 5 connections. | {"action":"prisma_info"}
INFO::2026-02-19T00:38:11.192Z: Database connection established successfully | {"action":"server_startup"}
INFO::2026-02-19T00:38:11.218Z: Log cleanup job initialized | {"action":"server_startup"}
INFO::2026-02-19T00:38:11.230Z: Server running in development mode | {"action":"server_startup","meta":{"port":4003,"environment":"development"}}
INFO::2026-02-19T00:38:11.233Z: 🚀 Server ready at http://localhost:4003/api/v1 | {}
INFO::2026-02-19T00:38:11.233Z: 📚 API Documentation available at http://localhost:4003/api-docs | {}
INFO::2026-02-19T00:38:14.697Z: SIGINT received. Starting graceful shutdown... | {"action":"graceful_shutdown"}
INFO::2026-02-19T00:38:14.708Z: HTTP server closed | {"action":"graceful_shutdown"}
INFO::2026-02-19T00:38:14.714Z: SIGINT received. Starting graceful shutdown... | {"action":"graceful_shutdown"}
INFO::2026-02-19T00:38:14.720Z: HTTP server closed | {"action":"graceful_shutdown"}
INFO::2026-02-19T01:01:10.693Z: Prisma Info: Starting a postgresql pool with 5 connections. | {"action":"prisma_info"}
INFO::2026-02-19T01:01:10.759Z: Database connection established successfully | {"action":"server_startup"}
INFO::2026-02-19T01:01:10.782Z: Log cleanup job initialized | {"action":"server_startup"}
INFO::2026-02-19T01:01:10.793Z: Server running in development mode | {"action":"server_startup","meta":{"port":4003,"environment":"development"}}
INFO::2026-02-19T01:01:10.794Z: 🚀 Server ready at http://localhost:4003/api/v1 | {}
INFO::2026-02-19T01:01:10.795Z: 📚 API Documentation available at http://localhost:4003/api-docs | {}
INFO::2026-02-20T00:23:03.811Z: Prisma Info: Starting a postgresql pool with 5 connections. | {"action":"prisma_info"}
INFO::2026-02-20T00:23:05.046Z: Database connection established successfully | {"action":"server_startup"}
INFO::2026-02-20T00:23:05.074Z: Log cleanup job initialized | {"action":"server_startup"}
INFO::2026-02-20T00:23:05.087Z: Server running in development mode | {"action":"server_startup","meta":{"port":4003,"environment":"development"}}
INFO::2026-02-20T00:23:05.089Z: 🚀 Server ready at http://localhost:4003/api/v1 | {}
INFO::2026-02-20T00:23:05.090Z: 📚 API Documentation available at http://localhost:4003/api-docs | {}
INFO::2026-02-20T00:23:22.460Z: SIGINT received. Starting graceful shutdown... | {"action":"graceful_shutdown"}
INFO::2026-02-20T00:23:22.472Z: HTTP server closed | {"action":"graceful_shutdown"}
INFO::2026-02-20T00:23:22.493Z: Database connection closed | {"action":"graceful_shutdown"}
